"country","code","year","prod_ktOil","use_ktOil","nuclearPerc","importPerc","renewPerc","fosilPerc"
"Argentina","ARG",1971,30558.034,33654.963,0.394545077942888,9.20199793415314,6.72216754479867,92.8858397496975
"Argentina","ARG",1972,30963.026,34199.156,0.378208163967555,9.46260194257426,6.35712471968607,93.2661759255111
"Argentina","ARG",1973,30525.439,35601.624,0.723236670327174,14.2582961945781,5.88876788317297,93.3759201546536
"Argentina","ARG",1974,30875.03,36303.336,1.93479739713177,14.9526368595988,6.507787603872,91.5375215104199
"Argentina","ARG",1975,30636.421,35948.219,3.06894480641725,14.7762480249717,5.26090040788947,91.6517338452845
"Argentina","ARG",1976,31039.932,37186.387,2.96182847771686,16.5287770495155,4.87760480737212,92.1293536798829
"Argentina","ARG",1977,32698.548,38204.614,2.41459840426604,14.4120445766053,5.18702269835785,92.3805957050109
"Argentina","ARG",1978,33923.963,38900.253,3.6539273921946,12.792436080043,5.38309352383903,90.9466192931959
"Argentina","ARG",1979,36350.125,41111.993,3.93635015456439,11.5826736981591,4.68654973744523,91.3687327199146
"Argentina","ARG",1980,38813.502,41819.769,4.57248341089593,7.1886265081952,5.145647743774,90.2773446692161
"Argentina","ARG",1981,39452.23,40836.332,4.88970703833048,3.38938864538568,5.08787860770649,90.0188342087139
"Argentina","ARG",1982,39982.124,41072.833,4.8702045948474,2.6555484984442,4.67479562464074,90.4455774940092
"Argentina","ARG",1983,41994.521,41797.67,5.91276499383817,-0.470961658867593,4.93332283833046,89.1551442939284
"Argentina","ARG",1984,42932.576,43329.179,6.73715280873427,0.915325443853888,4.80315124364577,88.4606883504532
"Argentina","ARG",1985,42555.241,41340.906,7.92970284686069,-2.93736910361858,4.9176474264981,87.1538954661516
"Argentina","ARG",1986,42869.722,43877.643,7.50973565284717,2.2971174636705,4.037450234052,88.4537918319815
"Argentina","ARG",1987,43317.808,46271.233,7.70055987053555,6.38285346750972,4.10526773730019,88.1618304833156
"Argentina","ARG",1988,46258.197,47861.397,5.85823267966875,3.34967238837595,3.81036098883616,90.1840621158634
"Argentina","ARG",1989,47240.937,46507.351,5.22107569618403,-1.57735494330777,3.36028383986007,91.3792509919561
"Argentina","ARG",1990,48417.108,46073.714,7.45502956414584,-5.08618428286463,3.73657960371938,88.6551451007401
"Argentina","ARG",1991,50216.944,47487.982,7.19396120054122,-5.7466371175764,3.79199730997203,88.8555803445175
"Argentina","ARG",1992,54321.957,49956.211,7.03090952994814,-8.73914556890633,3.71482536976233,88.8102902760179
"Argentina","ARG",1993,56949.771,49934.367,8.15522303506921,-14.0492498883585,3.94241304791147,87.6507376172407
"Argentina","ARG",1994,62400.778,53436.2,8.41964248954828,-16.7762266029396,4.37999520924018,87.0407139729247
"Argentina","ARG",1995,66876.734,54036.996,7.67806189670499,-23.7610136581241,4.893904539031,87.0903167896306
"Argentina","ARG",1996,72042.808,55599.117,7.04175391850198,-29.5754535094505,4.83908404516568,87.5989775161357
"Argentina","ARG",1997,77473.134,58532.488,7.66286408327628,-32.3592019529394,4.52313593777186,87.0515960298834
"Argentina","ARG",1998,79678.457,60078.965,7.0216672341143,-32.6228855640239,4.98913055509528,86.844041005034
"Argentina","ARG",1999,80057.948,60415.907,6.11525868510093,-32.5113732050733,4.92490164883232,88.1977142211901
"Argentina","ARG",2000,82264.724,60953.89,6.7056228896958,-34.9622214431269,4.84860441228607,88.2726549527848
"Argentina","ARG",2001,84487.151,57835.495,8.69329466273263,-46.081832618533,5.22572513644087,85.820014162583
"Argentina","ARG",2002,81336.356,55386.173,8.31681582332832,-46.8531794027365,5.35161907647961,85.4125017809048
"Argentina","ARG",2003,84268.092,59047.312,8.27534875761999,-42.7128333970563,5.41411097595772,85.5772130660241
"Argentina","ARG",2004,87129.602,67302.736,6.9458409536278,-29.4592273336406,3.16214336368138,89.4487439559664
"Argentina","ARG",2005,84685.03,66973.091,7.05050182020119,-26.4463514159739,3.39002421136573,89.0616277513606
"Argentina","ARG",2006,86192.461,73128.145,7.2120535807383,-17.864962935953,3.80739454009123,88.7032468825785
"Argentina","ARG",2007,82857.413,73672.983,6.10481864159077,-12.4664831339869,3.46787369801492,89.5339571088088
"Argentina","ARG",2008,82500.496,77793.834,5.82271854604826,-6.05017359087868,2.90338563336524,90.6677565216801
"Argentina","ARG",2009,81067.744,76075.126,6.62815596256784,-6.56274693518089,2.98743770730002,89.6886085998727
"Argentina","ARG",2010,79494.086,78162.085,6.08919017449445,-1.70415233933433,3.50682815075877,89.4579603397222
"Argentina","ARG",2011,77239.075,80112.354,5.46386765766488,3.58656169309419,3.83142030753459,89.6669669699133
"Belice","BLZ",1990,NA,106.218,NA,NA,NA,0
"Belice","BLZ",2004,NA,155,NA,NA,NA,0
"Belice","BLZ",2005,NA,161,NA,NA,NA,0
"Belice","BLZ",2006,NA,172,NA,NA,NA,0
"Belice","BLZ",2007,NA,178,NA,NA,NA,0
"Bolivia","BOL",1971,2295.122,1020.636,7.56665451737936,-124.871746636411,19.0663468660717,73.3669986165489
"Bolivia","BOL",1972,3787.575,1128.191,7.23405877196326,-235.721079143514,19.2383204616949,73.5276207663419
"Bolivia","BOL",1973,4566.603,1193.249,7.00541127627176,-282.703274840373,19.1240051322063,73.870583591522
"Bolivia","BOL",1974,4456.973,1277.934,6.95841882288131,-248.763942425822,18.0641566778879,74.9775810018358
"Bolivia","BOL",1975,4264.549,1480.678,6.23795315389301,-188.01326149237,16.8970566186571,76.8650577640783
"Bolivia","BOL",1976,4368.592,1621.859,5.97067932539142,-169.357077279838,17.0811396058474,76.9481810687612
"Bolivia","BOL",1977,4168.967,1734.402,5.8956343454401,-140.369130109398,16.6019757818545,77.5023898727054
"Bolivia","BOL",1978,4035.518,1880.155,5.75878052607365,-114.637516587728,15.3200666966287,78.9210995901934
"Bolivia","BOL",1979,3960.951,2070.215,5.34224706129557,-91.3304173721087,14.5272350939395,80.1305661489265
"Bolivia","BOL",1980,4365.117,2444.497,3.73974686816961,-78.5691289455459,30.1213705723509,66.1389234676909
"Bolivia","BOL",1981,4513.145,2566.025,3.87431922915794,-75.8807883789129,31.2772868541811,64.848393916661
"Bolivia","BOL",1982,4718.857,2698.069,3.64964721065325,-74.8975656293445,31.9008520538207,64.4494636719817
"Bolivia","BOL",1983,4809.148,2559.434,3.8406147609198,-87.898887019552,35.3576611078856,60.8016850600562
"Bolivia","BOL",1984,4746.601,2552.383,3.92198192826077,-85.9674273022505,35.4057757005904,60.6722423711488
"Bolivia","BOL",1985,4724.652,2520.035,3.89724745886466,-87.4835865374886,36.5017946179319,59.6009579232034
"Bolivia","BOL",1986,4653.17,2382.196,4.02166740268223,-95.3311146521949,39.2213319139147,56.756958705329
"Bolivia","BOL",1987,4426.754,2207.066,4.13426694081645,-100.571890464535,29.7035974456586,66.1620903045038
"Bolivia","BOL",1988,4632.118,2306.258,4.33680880456566,-100.849948271182,31.6566056356227,64.0065855598116
"Bolivia","BOL",1989,4753.042,2456.753,4.08514816100764,-93.468452058469,28.2836736130983,67.603173782631
"Bolivia","BOL",1990,4923.208,2610.591,3.8872423907077,-88.5859562068512,28.8800122271164,67.2030586177613
"Bolivia","BOL",1991,5051.706,2691.175,4.16390610049514,-87.7137681496001,29.2885821249083,66.5187139446524
"Bolivia","BOL",1992,5057.839,2850.459,3.81657831247529,-77.4394579960631,26.9389947373388,69.2082222547316
"Bolivia","BOL",1993,5148.215,2998.922,4.30728108300249,-71.6688530078475,25.9660971509096,69.6893417034521
"Bolivia","BOL",1994,5570.967,3307.087,3.42222626740694,-68.4554110611544,24.0158483886272,72.5203479678642
"Bolivia","BOL",1995,5773.392,3718.093,2.92133628717732,-55.2783106823848,21.9070098569347,75.148496823506
"Bolivia","BOL",1996,5943.53,4124.54,2.97124042923575,-44.1016452743821,18.3598413398828,78.6480674208518
"Bolivia","BOL",1997,5795.725,4521.263,2.97682306912913,-28.1881854694142,16.5602841506898,80.438165176412
"Bolivia","BOL",1998,5988.921,4715.349,2.83788114092934,-27.0090718629735,15.6978412414436,81.4387227753449
"Bolivia","BOL",1999,5189.814,4477.008,3.43077340938412,-15.9214814894233,16.3420525493812,80.1983601548177
"Bolivia","BOL",2000,5542.668,3737.193,4.47581915089748,-48.3109916988499,19.3477564578549,76.1396053133997
"Bolivia","BOL",2001,6225.027,2902.624,6.30787866427067,-114.46205226719,24.6811161211373,68.9843396871245
"Bolivia","BOL",2002,7051.317,3527.022,5.37161378636141,-99.9226826484212,20.302963803458,74.3034491987858
"Bolivia","BOL",2003,8048.395,3688.32,4.63305786916537,-118.213034660767,19.3904541905258,75.9555027763318
"Bolivia","BOL",2004,10762.932,3622.249,5.10218927522652,-197.133962905366,20.2385865797741,74.6592517521573
"Bolivia","BOL",2005,13924.507,5182.705,3.25899313196487,-168.672575421522,15.2286884937499,81.5123183742852
"Bolivia","BOL",2006,14650.617,6438.918,2.88362113013398,-127.532281044735,12.5027683222554,84.6136105476106
"Bolivia","BOL",2007,15512.347,5371.809,3.71260407806756,-188.773241937679,14.7183751321017,81.5690394055336
"Bolivia","BOL",2008,16176.103,5972.83,3.32750136869792,-170.828116654919,17.6776168081127,78.9948650807071
"Bolivia","BOL",2009,14194.802,6203.299,3.1858532048834,-128.826661426444,17.7680456802098,79.0460849944521
"Bolivia","BOL",2010,16742.5,7341.145,2.55968244735665,-128.063878318709,24.296550469988,73.1437807045086
"Bolivia","BOL",2011,18002.647,7703.654,2.62343038770952,-133.689713998059,24.6281310141914,72.748451578952
"Brasil","BRA",1971,49121.318,69766.278,5.32508556641075,29.5916029804543,51.035708111016,43.6414251595878
"Brasil","BRA",1972,50382.104,74813.328,5.82592181970571,32.6562454219387,48.7867455916411,45.3902064081416
"Brasil","BRA",1973,51239.968,81970.892,6.07354620466982,37.4900446368206,44.6393251399533,49.2889097754359
"Brasil","BRA",1974,53578.105,87249.276,6.47385773149567,38.591920235533,42.7064151225736,50.8156881439337
"Brasil","BRA",1975,53911.985,91126.598,6.82202796597323,40.8383653255661,41.0423529692176,52.1304295810538
"Brasil","BRA",1976,54167.735,95577.717,7.46043975919617,43.3259794225886,38.4047497179703,54.1304025916417
"Brasil","BRA",1977,55849.709,98850.716,8.13274837584383,43.500956533284,37.7377256427763,54.1400529663336
"Brasil","BRA",1978,57173.82,105143.119,8.40393178749054,45.622860969152,35.2347831720685,56.3716746884787
"Brasil","BRA",1979,60564.275,111794.267,8.96815218619395,45.8252407522829,34.6911859084867,56.3463545049229
"Brasil","BRA",1980,64345.653,113853.443,9.73708102968832,43.4837881889966,35.4766232234189,54.8023075595527
"Brasil","BRA",1981,66533.597,109223.759,10.2961023342916,39.0850510830707,36.816034687105,52.9080994181861
"Brasil","BRA",1982,71061.717,111048.213,10.9298039762243,36.0082300468896,36.5481342774962,52.5506385231071
"Brasil","BRA",1983,80083.65,113812.031,11.445934041894,29.6351630874595,38.9216505590696,49.6507754966608
"Brasil","BRA",1984,94034.387,121136.063,12.1806616746328,22.3729212662294,40.425218376133,47.4002254803345
"Brasil","BRA",1985,102399.44,129355.566,12.5401322120147,20.838783234113,39.1184597344655,48.2142252773259
"Brasil","BRA",1986,101998.931,135404.915,11.6137298265724,24.6711753410133,37.7242709395002,50.0083220760487
"Brasil","BRA",1987,105506.368,140661.864,11.5277656209646,24.9929120802778,37.9436881342622,49.5012187525113
"Brasil","BRA",1988,104755.336,142566.062,12.1210095569589,26.5215476036646,36.8165524555206,49.9800646804707
"Brasil","BRA",1989,107706.897,145436.459,12.4317170015807,25.9422996540366,36.4281139435607,49.83298995199
"Brasil","BRA",1990,104143.432,140206.208,13.0949009048159,25.7212405316603,34.0617143001257,51.215590254035
"Brasil","BRA",1991,104731.809,142857.669,13.3734829454623,26.6880037080823,33.0417382072782,51.9545695513203
"Brasil","BRA",1992,104714.681,144347.97,13.6239560556342,27.4567692223174,32.2608631073925,52.6844679561479
"Brasil","BRA",1993,105643.578,147960.211,13.7407062767706,28.6000085522993,31.3936771825771,53.2643076590368
"Brasil","BRA",1994,110665.56,155760.092,13.40970124748,28.9512746307315,31.5704487385639,53.265894963647
"Brasil","BRA",1995,112054.764,161094.758,13.9621532564083,30.4417068617466,29.5423150888622,54.6082747149352
"Brasil","BRA",1996,118595.132,169662.843,13.8443966779456,30.0995256810591,28.0351420257646,56.2673825995006
"Brasil","BRA",1997,126277.356,178275.959,13.9210004193555,29.1674790542005,27.4455856383866,56.681149026942
"Brasil","BRA",1998,133457.96,182552.949,14.1973291266853,26.8935611661908,26.6058561453313,57.3405083694375
"Brasil","BRA",1999,141400.936,186690.702,14.0634293613616,24.2592510043698,26.7680042255131,57.28865329351
"Brasil","BRA",2000,147640.879,187441.619,14.8231658199666,21.2336727629311,24.8710373121564,58.2320589111002
"Brasil","BRA",2001,151655.682,190711.783,14.0578587113309,20.4791232013179,25.2401190124681,58.9496806288052
"Brasil","BRA",2002,167354.361,195758.657,14.4438347878531,14.509854345803,26.753259244111,57.1539857877141
"Brasil","BRA",2003,178305.122,198976.375,14.9976609032102,10.3887976650494,28.710168229771,54.6412944752863
"Brasil","BRA",2004,182463.11,210042.15,14.6193280729606,13.1302407635801,29.1010394818373,54.6982969846766
"Brasil","BRA",2005,194704.936,215332.125,14.7212316787381,9.57924369157645,29.3906099705281,54.2523898837668
"Brasil","BRA",2006,206324.735,222817.6,15.1332304988475,7.40195792432915,29.7898850898672,53.4229226057547
"Brasil","BRA",2007,216424.988,235459.713,15.1084185684028,8.08406871709725,30.6536035742131,52.6606315875362
"Brasil","BRA",2008,228192.215,248593.964,14.371507427268,8.20685614072271,31.5572678184576,52.5660876464402
"Brasil","BRA",2009,230609.016,240464.259,15.5607919262546,4.09842320891438,31.6456758756818,51.3161384203879
"Brasil","BRA",2010,246629.61,265887.244,14.6766269840309,7.24278220733298,30.6965606067209,53.4804652005043
"Brasil","BRA",2011,249200.769,270027.529,15.3947370306825,7.71282842054226,28.8533888705844,54.5666830880788
"Colombia","COL",1971,19370.235,13851.735,4.13679585986882,-39.8397745841947,31.9250259985482,63.938178141583
"Colombia","COL",1972,18160.506,13864.363,4.52691551714276,-30.9869483365374,27.4239068899163,68.049177592941
"Colombia","COL",1973,17185.764,13945.977,4.89570576518232,-23.2309790845059,24.3980181524751,70.7062760823426
"Colombia","COL",1974,16875.231,14769.622,5.15256246910043,-14.2563499593964,22.4532692847522,72.3807758925719
"Colombia","COL",1975,17071.41,15435.528,4.95924726384481,-10.5981602961687,28.0425327854026,66.9982199507526
"Colombia","COL",1976,16696.594,16050.217,4.92792091222193,-4.02721657906557,27.0759828356215,67.9960900217112
"Colombia","COL",1977,16696.213,16528.128,5.43895836237473,-1.01696332458219,26.5619615240153,67.99908011361
"Colombia","COL",1978,17493.729,16460.097,6.30628118412668,-6.2796227750055,27.6669815493797,66.0267494170903
"Colombia","COL",1979,17618.657,16072.901,7.09492331222596,-9.61715623085092,28.9264333800102,63.9786433077638
"Colombia","COL",1980,17706.874,17706.022,6.93837384817437,-0.00481192218104638,26.7280081319226,66.3336180199031
"Colombia","COL",1981,18449.194,17934.783,6.85275088078847,-2.86823096772345,26.1151974908199,67.0320516283916
"Colombia","COL",1982,19610.784,18444.811,7.04885509534362,-6.32141473284816,26.1820465387257,66.7691037875097
"Colombia","COL",1983,20596.632,19047.86,6.89070583257122,-8.13095014348069,25.3348250144636,67.7744744028988
"Colombia","COL",1984,22742.238,19687.636,7.44825838917379,-15.5153315512335,25.2008519458608,67.3508896649654
"Colombia","COL",1985,24932.079,19989.674,7.89156441470731,-24.7247904092883,25.6207079715257,66.487727613767
"Colombia","COL",1986,32865.636,21763.125,8.38537664053301,-51.0152425260619,23.7890100801241,67.8256132793429
"Colombia","COL",1987,39552.901,22499.877,8.84199500290602,-75.7916321053666,23.4274702923932,67.7026412188831
"Colombia","COL",1988,40169.913,23179.585,9.04426028334847,-73.2986720858031,23.4167263995451,67.4781752995146
"Colombia","COL",1989,44058.023,23367.6,9.81133706499598,-88.543209401051,23.5229377428576,66.5954312809189
"Colombia","COL",1990,48179.174,24222.605,9.76254205524138,-98.9017035946382,22.7867811905449,67.3796645736493
"Colombia","COL",1991,46349.078,24486.744,9.73766050725241,-89.282323529825,21.9666689862891,68.2212138943422
"Colombia","COL",1992,47875.423,25045.929,7.65060860788993,-91.1505179145082,21.4212177955148,70.8086771307225
"Colombia","COL",1993,48555.352,26199.454,9.14409132342987,-85.3296332053332,20.3951311351756,70.361321270283
"Colombia","COL",1994,50423.049,27124.428,10.1645424559736,-85.8953449635878,20.5659341461505,69.1807473322571
"Colombia","COL",1995,59241.501,27598.691,10.0213448529135,-114.653300042382,20.3530413815641,69.5103220656371
"Colombia","COL",1996,64834.419,28271.719,10.7960396748426,-129.326059020323,19.2509058257123,69.9040797625358
"Colombia","COL",1997,66727.728,27431.35,9.86741082739275,-143.253532910338,14.2195225535747,75.8506781474481
"Colombia","COL",1998,72704.7,28727.003,9.21520424528796,-153.088357320114,13.5168433685895,77.2616621371885
"Colombia","COL",1999,75548.841,25690.383,11.2949892572641,-194.074405196684,15.1739388237225,73.5290672778214
"Colombia","COL",2000,72329.494,25813.697,10.6856604073411,-180.198121175746,13.28670201715,76.0143113169725
"Colombia","COL",2001,72098.579,25708.187,10.6371872897922,-180.449877698493,12.7428433595881,76.6768422837441
"Colombia","COL",2002,68341.202,25204.776,11.5900573764274,-171.143857814884,13.6694688340019,74.9486089461775
"Colombia","COL",2003,73424.486,25735.92,12.0880232764168,-185.299635684289,14.3088376090693,73.9750589837084
"Colombia","COL",2004,75317.019,26001.486,13.2726798768347,-189.664286879604,12.3394678288772,74.9282983287955
"Colombia","COL",2005,78598.972,27084.529,12.6539841250332,-190.198777316748,11.9755451534712,75.9235983021894
"Colombia","COL",2006,83600.181,28568.375,12.8856821572806,-192.631908535225,12.2854870114243,75.3682769846027
"Colombia","COL",2007,86574.952,27919.061,13.7056328649448,-210.092635278815,12.4816411268273,74.0708578988384
"Colombia","COL",2008,92619.067,29207.921,13.6788304788965,-217.102566115541,12.1053566256907,74.6268486551987
"Colombia","COL",2009,98207.418,30815.339,11.4724942665729,-218.69653616337,11.4326180218235,77.3895980829547
"Colombia","COL",2010,105460.257,32235.053,10.7890004089647,-227.160178703599,10.2685979762465,79.1526323843798
"Colombia","COL",2011,120504.899,31612.992,13.3079273230449,-281.187895786644,11.5169136790342,75.5927436416015
"Costa Rica","CRI",1971,335.972,806.915,10.9562965120242,58.3633963924329,30.6803070955429,58.3632724636424
"Costa Rica","CRI",1972,357.299,861.461,10.9613784025046,58.5240655119617,30.5145560855338,58.5239494300961
"Costa Rica","CRI",1973,364.579,937.186,10.3785161109961,61.0985439389833,28.5229399500206,61.0985439389833
"Costa Rica","CRI",1974,372.659,916.398,11.7119417545652,59.3343721832654,28.9536860621695,59.3343721832654
"Costa Rica","CRI",1975,384.868,992.932,11.216276643315,61.2392389408338,27.5444844158512,61.2392389408338
"Costa Rica","CRI",1976,404.846,1001.361,12.4444630857403,59.5704246520486,27.9851122622111,59.5705245161335
"Costa Rica","CRI",1977,407.584,1166.046,9.86084597005607,65.0456328481038,25.0935211818402,65.0456328481038
"Costa Rica","CRI",1978,433.608,1262.066,10.0714225721951,65.6430012376532,24.2855761901517,65.6430012376532
"Costa Rica","CRI",1979,456.346,1303.988,10.7039328582778,65.0038190535496,24.2922480881726,65.0038190535496
"Costa Rica","CRI",1980,494.957,1254.956,14.5279993880264,60.5598124555761,24.9121881563975,60.5598124555761
"Costa Rica","CRI",1981,516.335,1178.422,16.6756900329424,56.1842022637052,27.1401077033524,56.1841174044612
"Costa Rica","CRI",1982,525.99,1149.204,17.862972979558,54.2300583708376,27.9069686496044,55.0381829509817
"Costa Rica","CRI",1983,573.367,1130.642,21.1911462691108,49.2883689089915,29.5204848218976,53.0002423401926
"Costa Rica","CRI",1984,627.194,1226.023,21.0717090951801,48.8432109348683,29.7850855979048,52.1594619350534
"Costa Rica","CRI",1985,597.867,1263.047,18.7654141136474,52.6647068557227,28.5116072481863,53.1247055731101
"Costa Rica","CRI",1986,611.053,1324.401,18.7727130982233,53.8619345651355,27.3653523366412,53.3554414410741
"Costa Rica","CRI",1987,624.821,1411.679,18.2761095121483,55.7391588314341,25.9847316564176,54.7035834633794
"Costa Rica","CRI",1988,641.147,1446.462,18.1101197266157,55.6748120586645,26.2150682147198,54.5451591538526
"Costa Rica","CRI",1989,658.139,1610.467,17.7717395016477,59.1336550205624,23.09460547779,58.3700255888509
"Costa Rica","CRI",1990,682.221,1677.767,17.3356610304053,59.3375599830012,23.3267789865935,58.501985078977
"Costa Rica","CRI",1991,721.116,1780.051,17.6633141409993,59.4890258762249,22.8476599827758,59.3923994312523
"Costa Rica","CRI",1992,945.485,2298.1,25.8794656455333,58.8579696270832,15.2625647273835,58.7644140811975
"Costa Rica","CRI",1993,977.778,2344.942,26.6387825370521,58.3026787016481,15.0585387612999,58.5704038735286
"Costa Rica","CRI",1994,978.676,2304.219,27.1506310815074,57.5267802235812,15.3225886949114,58.0903551268347
"Costa Rica","CRI",1995,957.487,2348.043,24.8831047813009,59.221913738377,15.8949814803221,59.1156976256397
"Costa Rica","CRI",1996,1001.34,2360.117,26.3376773270139,57.572442383153,16.0898802898331,57.120642747796
"Costa Rica","CRI",1997,996.512,2382.737,30.8860356808158,58.1778433792735,10.9361209399107,58.661530836177
"Costa Rica","CRI",1998,864.181,2384.074,28.6666017917229,63.7519221299339,7.58147607834321,63.7230220202896
"Costa Rica","CRI",1999,1036.149,2628.921,32.5226585355741,60.5865296066333,6.89081185779261,61.0020232635366
"Costa Rica","CRI",2000,1218.24,2873.584,33.7643166164622,57.6055545966291,8.63012878690861,59.0271591155853
"Costa Rica","CRI",2001,1258.484,2888.622,35.1842851020313,56.43306739338,8.38264750458869,57.1803787411437
"Costa Rica","CRI",2002,1404.606,3073.404,37.0595274815807,54.2980356633882,8.6424368550311,55.4704815897942
"Costa Rica","CRI",2003,1423.613,3297.329,34.0814034632274,56.8252667537877,9.09332978298495,57.0313123136939
"Costa Rica","CRI",2004,2031.588,3879.846,39.4908973191204,47.6374062269482,12.8716964539314,48.1650044872915
"Costa Rica","CRI",2005,2052.106,3864.771,36.5636411575227,46.9022614793994,16.5340973630779,46.8778357113526
"Costa Rica","CRI",2006,2179.055,4181.746,35.2323885764463,47.8912636013761,16.8763478221776,47.7082060938182
"Costa Rica","CRI",2007,2282.412,4508.452,32.032103258502,49.374818673904,18.5930780675939,49.0638915530209
"Costa Rica","CRI",2008,2344.997,4585.966,32.8418483695692,48.8658005750588,18.292351055372,48.9970488224291
"Costa Rica","CRI",2009,2367.074,4560.99,35.1010635848796,48.1017498393989,16.7971865757215,48.0697173201432
"Costa Rica","CRI",2010,2436.056,4646.183,35.1804481226848,47.5686601238049,17.2508917535104,47.5150246987689
"Costa Rica","CRI",2011,2411.539,4655.08,36.0326353145381,48.1955412151886,15.7718234702733,48.2639181281525
"Cuba","CUB",1971,4292.578,10739.855,0.0880831258895022,60.031322583033,38.3702014598894,61.5417154142211
"Cuba","CUB",1972,3954.107,10368.08,0.0613806992229998,61.8626881737024,36.4578977014066,63.4807119543831
"Cuba","CUB",1973,4167.307,11067.985,0.0481749839740477,62.3480967854582,35.1595254240045,64.7922995920215
"Cuba","CUB",1974,4339.839,11725.55,0.065276255698027,62.9881839231422,34.2834408620491,65.6512914106375
"Cuba","CUB",1975,4492.489,12024.21,0.045059093279309,62.6379695630732,34.0749704138567,65.8799538597546
"Cuba","CUB",1976,4478.383,12606.785,0.0361551339219317,64.4764069507015,32.29140498549,67.6724319483516
"Cuba","CUB",1977,4829.559,13681.657,0.0458862548593347,64.7004818202941,32.0127525489054,67.941353887179
"Cuba","CUB",1978,5332.444,14472.447,0.0493213068944042,63.1545100838856,33.189888344383,66.7607834390411
"Cuba","CUB",1979,5422.381,14877.54,0.0601174656562846,63.5532420010297,32.7475173987097,67.1923584140927
"Cuba","CUB",1980,5175.338,14982.78,0.0556772508172716,65.458092556922,30.9040044637911,69.0403182853916
"Cuba","CUB",1981,5290.862,15043.145,0.0343013379183675,64.8287509028198,32.0840555615199,67.8816431005617
"Cuba","CUB",1982,5733.215,15254.733,0.0242416566714081,62.416811883892,32.5097200980181,67.4660316899679
"Cuba","CUB",1983,5853.389,16060.238,0.0337354900967221,63.5535351344108,30.407015138879,69.5592493710243
"Cuba","CUB",1984,6048.583,15729.334,0.0382724405241824,61.5458416739069,32.2428463913348,67.7188748105927
"Cuba","CUB",1985,5984.123,15618.671,0.0297336437908193,61.6860935222978,31.2368638791354,68.7334088796672
"Cuba","CUB",1986,6196.827,15577.684,0.0325722360268702,60.2198439768068,32.2018536259947,67.7655741379784
"Cuba","CUB",1987,6233.87,16207.578,0.0233471034351956,61.5373129779169,31.1494845189084,68.8271622077031
"Cuba","CUB",1988,6583.014,17010.826,0.0369059092133445,61.3010326482677,32.505446825451,67.4576531439449
"Cuba","CUB",1989,7331.165,18612.783,0.0378879397025152,60.6122039890542,33.8631842427863,66.0989278175112
"Cuba","CUB",1990,7904.923,17689.038,0.044242089366307,55.3117416560471,39.6106390861956,60.3451188244381
"Cuba","CUB",1991,6905.754,14731.578,0.0612968956889751,53.1227815513043,42.1435300413846,57.7951662747874
"Cuba","CUB",1992,7078.598,12992.738,0.0536145653056346,45.5188121241266,46.8990215919077,53.0473638427866
"Cuba","CUB",1993,5593.818,10861.834,0.0649245790351795,48.500244065597,40.5903735962085,59.3447110313046
"Cuba","CUB",1994,5724.649,11128.503,0.0378667283461217,48.5586785572147,39.3083957473885,60.6537465102
"Cuba","CUB",1995,5201.006,11053.059,0.0575768210411254,52.9450987278725,32.8417680571505,67.1006732163467
"Cuba","CUB",1996,5766.389,11999.024,0.0680888712281932,51.9428496851077,34.4774708342945,65.4544319604661
"Cuba","CUB",1997,5598.527,12313.679,0.0907933364187908,54.5340835992233,32.3139818733297,67.5952247902516
"Cuba","CUB",1998,5304.889,11553.718,0.072201866100592,54.0850053636414,29.6224384219868,70.3053597119126
"Cuba","CUB",1999,6306.818,12008.67,0.0737633726299415,47.4811282181957,30.7830592396993,69.1431773876707
"Cuba","CUB",2000,7206.607,12858.744,0.0595236984265337,43.9555916192126,30.1973816416285,69.7430868831357
"Cuba","CUB",2001,7480.937,12588.48,0.051237321741783,40.5731510079056,31.2146422761128,68.7341283459163
"Cuba","CUB",2002,7574.124,11729.419,0.0777191095313417,35.4262645063664,28.4356880762807,71.486592814188
"Cuba","CUB",2003,7387.101,11662.187,0.094390528980542,36.6576697835492,25.7112924016739,74.1943256440666
"Cuba","CUB",2004,6806.358,11312.467,0.0668996426685709,39.8331239330908,25.1354456989797,74.7976546583517
"Cuba","CUB",2005,5815.523,10758.079,0.0543591472046264,45.9427375463593,19.93410719516,80.0115429529752
"Cuba","CUB",2006,5671.201,10846.601,0.0745302606779764,47.7144867779316,16.377407078955,83.5480718798451
"Cuba","CUB",2007,5569.156,10137.385,0.102649746458283,45.0631893728018,15.4488262998791,84.4485338181395
"Cuba","CUB",2008,5499.427,10565.901,0.118835109282209,47.9511780396201,13.6361205731532,86.2450443175646
"Cuba","CUB",2009,5345.994,12345.516,0.107974425694317,56.6968768255616,12.4132600046851,87.4787655696206
"Cuba","CUB",2010,5284.211,11308.001,0.0828970566946359,53.2701580058226,11.2613449538959,88.6557491461134
"Cuba","CUB",2011,5674.139,11186.615,0.0907155560462213,49.2774266388894,13.1906836876034,86.718609695605
"Dominica","DMA",1990,NA,21.171594,NA,NA,NA,0
"Dominica","DMA",2004,NA,39,NA,NA,NA,0
"Dominica","DMA",2005,NA,41,NA,NA,NA,0
"Dominica","DMA",2006,NA,42,NA,NA,NA,0
"Dominica","DMA",2007,NA,43,NA,NA,NA,0
"Ecuador","ECU",1971,1324.131,2236.927,1.6916063867976,40.8058018880366,49.2507801998009,49.0576134134015
"Ecuador","ECU",1972,5213.259,2318.196,1.65085264576421,-124.884306590124,47.3583338078402,50.9908135463956
"Ecuador","ECU",1973,11852.047,2351.769,1.59071745566848,-403.963059297065,44.5093034222324,53.8999791220992
"Ecuador","ECU",1974,10148.41,2849.337,1.50912299949076,-256.16741719214,36.4066096779707,62.0843024184223
"Ecuador","ECU",1975,9344.976,3141.959,1.71892758626067,-197.425141448377,32.6921516162369,65.5889207975025
"Ecuador","ECU",1976,10724.162,3494.862,1.48875692373547,-206.855091846259,28.8340998872058,69.6771431890587
"Ecuador","ECU",1977,10645.488,4189.109,1.14554192788968,-154.122965050563,23.7265967536295,75.1278613184809
"Ecuador","ECU",1978,11525.257,4314.665,1.57662298231728,-167.118235135289,22.3000626931639,76.1232911477484
"Ecuador","ECU",1979,11863.517,4555.179,1.33856430230294,-160.440193458918,21.2222176120851,77.4391961325779
"Ecuador","ECU",1980,11710.186,4996.263,1.50096181886342,-134.378894785963,19.6373569605923,78.8616812205442
"Ecuador","ECU",1981,11982.547,5197.087,1.28906827998069,-130.562755635994,18.263731201729,80.4472005182903
"Ecuador","ECU",1982,11849.991,5595.031,1.37568496045866,-111.79491230701,18.8755522534192,79.7487627861222
"Ecuador","ECU",1983,13545.495,5187.339,2.85321626367585,-161.126080250394,20.3208427288057,76.8259410075185
"Ecuador","ECU",1984,14787.215,5554.5,5.00563507066343,-166.220451885858,19.7505986137366,75.2437663156
"Ecuador","ECU",1985,15817.876,5615.417,5.0217819976682,-181.686578218501,18.8959074633282,76.0823105390036
"Ecuador","ECU",1986,16271.067,5591.761,6.17036386211785,-190.982876414067,18.0649351787389,75.7647009591433
"Ecuador","ECU",1987,10408.413,5725.955,6.8638331946374,-81.7760181489376,18.880186798534,74.2559800068286
"Ecuador","ECU",1988,16937.832,5996.592,6.92119790707789,-182.457635937212,18.5282740596659,74.5505447093949
"Ecuador","ECU",1989,15895.464,5733.325,7.43101080088779,-177.246868091378,18.7863761429886,73.7825956142378
"Ecuador","ECU",1990,16278.603,5840.931,7.34269930598393,-178.698772507328,14.1294769618063,78.5278237322098
"Ecuador","ECU",1991,17047.46,6084.041,7.17368604189222,-180.199623901285,14.1234090960268,78.7029377349692
"Ecuador","ECU",1992,18111.698,6193.664,6.90647732908986,-192.422998729024,13.3409884682153,79.7525503482268
"Ecuador","ECU",1993,19425.354,5761.834,8.6718916233963,-237.138383368907,14.4274722249895,76.9006361516142
"Ecuador","ECU",1994,21249.092,6110.915,9.23904194380056,-247.723573311034,12.8022235622652,77.9587344939342
"Ecuador","ECU",1995,21905.762,6810.414,6.53995483974983,-221.650959838859,11.4578496990051,82.0021954612451
"Ecuador","ECU",1996,21663.858,7351.346,7.44397012465472,-194.692400548145,10.8187398607003,81.737303617596
"Ecuador","ECU",1997,21776.15,7746.016,7.27655352119077,-181.127098110822,8.50842549253707,84.2150209862722
"Ecuador","ECU",1998,21241.446,8222.084,6.8271134179607,-158.346253820807,9.6512271098179,83.5216594722214
"Ecuador","ECU",1999,21260.69,7716.689,8.02328563455129,-175.515703691052,10.394730175079,81.5552499264905
"Ecuador","ECU",2000,22452.499,7814.753,8.39893468162078,-187.309131843322,8.92404404848112,82.6770212698981
"Ecuador","ECU",2001,22780.924,8442.124,7.22784929479832,-169.848251458993,8.63961486469519,84.1101362642861
"Ecuador","ECU",2002,22130.605,9176.964,7.07557532098851,-141.153882700205,7.93687324043115,84.9350831059161
"Ecuador","ECU",2003,23552.419,9712.311,6.38195173115853,-142.500667451856,6.63539295642407,86.0502407717381
"Ecuador","ECU",2004,29116.369,10277.549,6.22518073132028,-183.300707201688,5.63358053559268,86.7965504226737
"Ecuador","ECU",2005,29363.328,11048.084,5.37988306388691,-165.777559258239,5.18534254446291,88.1060191070234
"Ecuador","ECU",2006,29629.024,10255.178,6.00297722769902,-188.917696016588,5.64843438114872,87.0328140574449
"Ecuador","ECU",2007,28686.109,11332.2,6.88042921939253,-153.138040274616,6.42000670655301,86.0757399269339
"Ecuador","ECU",2008,28524.066,10973.274,8.87591068991807,-159.941253631323,5.96299700526935,84.7990125827533
"Ecuador","ECU",2009,28414.095,12678.342,6.2767355542231,-124.115227369636,4.85516954819487,88.1226267598713
"Ecuador","ECU",2010,27359.374,12428.132,5.9976028577746,-120.140677617521,5.22368928814081,88.1815304182479
"Ecuador","ECU",2011,28329.36,12941.611,7.41895270998332,-118.901340799071,5.44429901346903,86.2854941320675
"El Salvador","SLV",1971,1254.892,1752.011,2.56231267954368,28.3741939976404,69.0634933228159,28.3742510749076
"El Salvador","SLV",1972,1294.219,1873.01,2.02946060085104,30.9016502848356,67.0688891143133,30.9016502848356
"El Salvador","SLV",1973,1331.474,1979.593,2.13740905327509,32.7400127197863,65.1225782269386,32.7400632352206
"El Salvador","SLV",1974,1392.418,2024.113,2.38781135242943,31.2084849017817,66.4037037457889,31.2084849017817
"El Salvador","SLV",1975,1560.391,2260.102,7.4024535175846,30.9592664401872,61.6382800422282,30.9592664401872
"El Salvador","SLV",1976,1900.439,2609.878,18.1696615703876,27.1828414968056,54.6474969328068,27.1828414968056
"El Salvador","SLV",1977,1964.42,2693.086,17.9436898784517,27.0569153751495,54.9993947463987,27.0569153751495
"El Salvador","SLV",1978,2093.834,2851.494,20.0976751134668,26.5706327981051,53.331692088428,26.5706327981051
"El Salvador","SLV",1979,2054.563,2781.165,17.9943656705014,26.1258141821862,55.8798201473124,26.1258501383413
"El Salvador","SLV",1980,1912.451,2518.954,20.0209690212684,24.0775734689875,55.9014575097441,24.0776131680054
"El Salvador","SLV",1981,2147.68,2721.723,26.899173795423,21.0911617383547,52.0096644662223,21.0911617383547
"El Salvador","SLV",1982,2249.54,2810.864,28.6640335498267,19.9698028791148,51.3661635710586,19.9698384553646
"El Salvador","SLV",1983,2140.146,2701.793,23.9064576745887,20.7879360113821,55.3056063140292,20.7879730238401
"El Salvador","SLV",1984,2182.884,2757.784,23.9074561314447,20.8464477275958,55.2460961409596,20.8465202495917
"El Salvador","SLV",1985,2008.121,2624.342,17.6612270809216,23.4809716111696,58.8578013079088,23.4810097159593
"El Salvador","SLV",1986,1650.616,2279.235,18.7136034678302,27.580262675854,53.7061338563158,27.2482214427209
"El Salvador","SLV",1987,1799.07,2543.532,18.5366254483922,29.2688277560495,52.1945467955583,29.2417787548967
"El Salvador","SLV",1988,1641.557,2373.224,20.2945023310063,30.8300859927255,48.8754116762682,30.7032121704483
"El Salvador","SLV",1989,1654.572,2432.88,20.6203758508434,31.9912202821348,47.3884038670218,31.9771217651508
"El Salvador","SLV",1990,1692.471,2468.711,20.3318249888302,31.4431296332377,48.2250453779321,31.4362029415351
"El Salvador","SLV",1991,1717.533,2714.332,17.478038795549,36.7235474510856,45.7984137533655,36.7077056159674
"El Salvador","SLV",1992,1748.195,2833.321,16.1616350565291,38.2987314180074,45.5396335254636,38.140895436839
"El Salvador","SLV",1993,1733.922,2982.47,15.3304475820377,41.8628854607087,42.8066669572536,41.6350876957689
"El Salvador","SLV",1994,1752.977,3158.796,15.018950258263,44.5048999682157,40.4994497903632,44.5115797284788
"El Salvador","SLV",1995,1791.133,3358.82,15.104828481431,46.673742564353,38.2433116392066,46.7414746845618
"El Salvador","SLV",1996,1822.41,3210.043,16.587316743109,43.2278633027657,40.2306448854423,43.1257774428567
"El Salvador","SLV",1997,1850.588,3552.546,15.2200140406345,47.908119979305,36.9132729034332,47.6536545902572
"El Salvador","SLV",1998,1849.547,3654.551,14.2942867673758,49.3905817705102,36.3956338275208,49.220684018365
"El Salvador","SLV",1999,2002.591,3792.114,17.5641080410557,47.1906435302314,35.3422391837376,46.5267394387405
"El Salvador","SLV",2000,2119.483,3967.995,19.5755791022922,46.5855425725083,33.9871900040197,44.9287612509592
"El Salvador","SLV",2001,2284.551,4151.362,22.415655392134,44.9686392080479,32.7574661038955,44.1867271512337
"El Salvador","SLV",2002,2321.301,4231.668,22.4879645567658,45.1445387492592,32.5239598191541,44.2076977683505
"El Salvador","SLV",2003,2394.748,4418.166,22.8173409509738,45.797690716012,31.5348268942362,45.0151940873204
"El Salvador","SLV",2004,2391.597,4382.27,22.5568940298065,45.4256127532078,32.1685792979438,44.5248695310878
"El Salvador","SLV",2005,2489.458,4508.548,23.2238405801602,44.7835977347918,32.1557184264202,44.078714477477
"El Salvador","SLV",2006,2630.76,4735.064,24.2608547635259,44.4408776734591,31.4536192119051,44.2818935499077
"El Salvador","SLV",2007,2334.24,4478.914,29.8650967622955,47.8837950449596,22.2511081927449,47.8242940141293
"El Salvador","SLV",2008,2491.867,4499.056,32.9207282594393,44.6135589332518,22.4657128073089,44.6250502327599
"El Salvador","SLV",2009,2212.267,4213.962,34.1621970013019,47.5014962166247,18.3363067820735,47.2382522671063
"El Salvador","SLV",2010,2261.202,4210.378,35.394351766041,46.2945607259016,18.3110875080575,46.1209421101858
"El Salvador","SLV",2011,2241.527,4318.688,34.540466919583,48.0970378040738,17.3624952763432,47.8700244148223
"Granada","GRD",1990,NA,42.474397,NA,NA,NA,0
"Granada","GRD",2004,NA,74,NA,NA,NA,0
"Granada","GRD",2005,NA,79,NA,NA,NA,0
"Granada","GRD",2006,NA,81,NA,NA,NA,0
"Granada","GRD",2007,NA,81,NA,NA,NA,0
"Guatemala","GTM",1971,1933.763,2734.511,0.817696472970853,29.2830418308795,69.8992616961497,29.2830418308795
"Guatemala","GTM",1972,1982.878,2819.937,0.680086115399032,29.6836064068098,69.6363074777912,29.6835709450247
"Guatemala","GTM",1973,2041.313,2945.629,0.680262178298761,30.700268092146,68.6194697295552,30.700268092146
"Guatemala","GTM",1974,2097.522,3026.824,0.713156761014185,30.7022145985363,68.5846286404495,30.7022476364665
"Guatemala","GTM",1975,2444.566,3332.169,0.732976028526764,26.6373944418786,72.6296295295947,26.6373944418786
"Guatemala","GTM",1976,2603.714,3563.843,0.755308244498986,26.9408332521943,71.9339768895543,27.3107709851416
"Guatemala","GTM",1977,2644.207,3779.118,0.532505203595125,30.0311077875843,69.2485654060021,30.2189293904027
"Guatemala","GTM",1978,2660.269,3870.438,0.6288177203717,31.2669780526132,68.0256084711859,31.3455738084423
"Guatemala","GTM",1979,2775.081,4105.778,0.576017505086734,32.4103495123214,65.0872745676946,34.3367079272187
"Guatemala","GTM",1980,2583.096,3792.357,0.530646244538687,31.8867923035727,62.0210860950064,37.448267660455
"Guatemala","GTM",1981,2668.612,3688.592,0.671475728408021,27.6522857502266,66.0407819569093,33.2877694252983
"Guatemala","GTM",1982,2882.04,3624.283,0.944407486942935,20.479719712837,69.7908248334912,29.2648504545589
"Guatemala","GTM",1983,2893.348,3502.245,1.61576360306032,17.3859053264406,70.8938123974765,27.4903954463494
"Guatemala","GTM",1984,2819.389,3700.489,1.15271251988589,23.8103666839707,68.5975285968963,30.2497588832179
"Guatemala","GTM",1985,2783.945,3769.98,1.26377328261688,26.1549132886647,68.654422569881,30.0818041475021
"Guatemala","GTM",1986,3024.092,3619.569,3.29072328777266,16.4515996241541,73.3381515865563,23.5802384206517
"Guatemala","GTM",1987,3049.438,3824.577,3.08060211626018,20.2673132218282,71.8002801355549,25.1439048030671
"Guatemala","GTM",1988,3110.012,3978.208,3.19943049734956,21.8237960408304,70.2868477465231,26.5137468930735
"Guatemala","GTM",1989,3238.079,4130.211,3.47938640422971,21.6001555368479,70.4522359753533,26.068377620417
"Guatemala","GTM",1990,3381.793,4411.123,3.34944185414916,23.3348741352259,68.7871999941965,27.8672573854776
"Guatemala","GTM",1991,3426.842,4535.73,3.25742493490574,24.4478397082719,68.1589292131586,28.5931040868835
"Guatemala","GTM",1992,3593.057,4784.011,2.60120639354717,24.8944661707509,66.5483837725289,30.9475040922774
"Guatemala","GTM",1993,3605.608,4768.191,2.77396605966498,24.3820560040485,65.6773816317341,31.6911591838498
"Guatemala","GTM",1994,3608.023,5024.709,2.79665946823985,28.194388968595,61.6229915006023,35.5615220702333
"Guatemala","GTM",1995,3843.706,5320.383,3.06959104259975,27.7550883084921,60.2558500017762,36.6179652855819
"Guatemala","GTM",1996,4214.617,5468.528,2.94240058750728,22.9295890960054,59.3868039077426,37.706984402384
"Guatemala","GTM",1997,4620.672,5722.104,2.76992518835729,19.2487238959656,59.108817316148,38.2535165386718
"Guatemala","GTM",1998,5007.38,6222.672,3.01147159933868,19.530066826598,54.8244387619981,42.2166072709601
"Guatemala","GTM",1999,5389.67,6835.418,3.07125328692408,21.1508352525039,56.9381711550047,40.3101463582768
"Guatemala","GTM",2000,5270.503,7040.728,3.32880349872911,25.1426414995722,55.2544424383388,42.2766651403094
"Guatemala","GTM",2001,5265.563,7188.292,2.92173718040391,26.7480647697673,54.1221475143191,43.2444452729522
"Guatemala","GTM",2002,5432.145,7248.341,2.4678198776796,25.0567129774937,53.673771694792,44.3151888135506
"Guatemala","GTM",2003,5640.231,7435.93,4.39550937138999,24.1489497614959,53.0872533765111,42.9763862758256
"Guatemala","GTM",2004,5601.599,7784.529,5.55747174941477,28.041902085534,52.0462060068117,42.8636337535643
"Guatemala","GTM",2005,5456.663,7854.987,5.75993314820254,30.5325011995564,50.7469840497508,43.8346747104737
"Guatemala","GTM",2006,5413.825,7940.222,5.62083780529058,31.817712401492,51.4256780226044,43.0401190294176
"Guatemala","GTM",2007,5680.346,8527.505,5.90865675247332,33.3879487610972,50.8815180993737,43.3348675843638
"Guatemala","GTM",2008,5643.01,8157.03,6.98520172170508,30.8202863051871,52.7096994862101,40.3799544687221
"Guatemala","GTM",2009,6418.383,9317.885,5.88354546122859,31.1175980386107,54.9895174709711,39.1795455728419
"Guatemala","GTM",2010,7535.852,10250.874,5.03622422829507,26.4857611165643,62.0384466729374,32.7382523675542
"Guatemala","GTM",2011,7332.062,10163.493,3.98826466452036,27.8588375079316,62.2066940962128,33.514796536978
"Guyana","GUY",1990,NA,382.08588,NA,NA,NA,0
"Guyana","GUY",2004,NA,479,NA,NA,NA,0
"Guyana","GUY",2005,NA,495,NA,NA,NA,0
"Guyana","GUY",2006,NA,500,NA,NA,NA,0
"Guyana","GUY",2007,NA,500,NA,NA,NA,0
"Haití","HTI",1971,1378.001,1504.376,0.154349710444729,8.40049296186592,91.4451573276894,8.40036001637889
"Haití","HTI",1972,1430.735,1549.82,0.438373488534152,7.6837955375463,91.8778309739196,7.6837310139242
"Haití","HTI",1973,1467.199,1589.458,0.454494550972722,7.69186729061101,91.8536381584162,7.69180437608292
"Haití","HTI",1974,1519.861,1655.641,0.654489711235709,8.20105324765453,91.1444570411098,8.20099284808724
"Haití","HTI",1975,1575.66,1714.394,0.8628121656982,8.09230550270241,91.0448823315994,8.09230550270241
"Haití","HTI",1976,1623.177,1817.376,0.804456535136373,10.6856808937721,88.5098625710915,10.6856258693853
"Haití","HTI",1977,1672.713,1871.814,0.707548933815005,10.6367940404335,88.6556570257515,10.6368474645451
"Haití","HTI",1978,1735.007,1951.484,0.837311502425846,11.0929426016303,88.0697458959438,11.0929938446844
"Haití","HTI",1979,1807.493,2028.539,0.822463852062987,10.8968079982687,88.2807281496683,10.8968572948314
"Haití","HTI",1980,1876.832,2082.97,0.908318410730832,9.89634992342663,89.1953316658425,9.89634992342665
"Haití","HTI",1981,1568.957,1733.98,1.23496234097279,9.51700711657573,89.2480305424515,9.51700711657574
"Haití","HTI",1982,1588.128,1797.583,1.15777685926046,11.6520349825293,87.1901881582102,11.6520906127839
"Haití","HTI",1983,1610.168,1849.803,0.915881312766819,12.9546227355021,86.1294959517311,12.9545686756914
"Haití","HTI",1984,1617.542,1867.367,0.921083000824155,13.3784628302846,85.7004541688913,13.3784628302846
"Haití","HTI",1985,1632.386,1881.844,0.987116891729601,13.2560403519102,85.7568427563602,13.2560403519101
"Haití","HTI",1986,1222.614,1464.077,1.86793454169419,16.4925068831762,81.6395585751296,16.4925751855947
"Haití","HTI",1987,1243.299,1509.729,1.82284370241282,17.6475380680904,80.5296182294968,17.6475380680904
"Haití","HTI",1988,1272.535,1562.012,2.15824206216085,18.5323160129372,79.309441924902,18.5323160129372
"Haití","HTI",1989,1281.667,1591.961,2.19326981000163,19.491306633768,78.3154235562303,19.4913694493772
"Haití","HTI",1990,1252.525,1560.472,2.51859693733691,19.7342214406923,77.7471816219708,19.7342214406923
"Haití","HTI",1991,1267.876,1558.388,1.83214963154234,18.6418273241324,79.5260230443253,18.6417631552604
"Haití","HTI",1992,1347.072,1618.305,1.70585890793145,16.7603140322745,81.533827059794,16.7603758253234
"Haití","HTI",1993,1339.065,1563.819,1.50682399945262,14.3721236281181,84.1210523724293,14.3721236281181
"Haití","HTI",1994,1373.341,1436.45,1.39496675832782,4.39340039681159,94.2116328448606,4.39347001287897
"Haití","HTI",1995,1392.327,1693.198,1.28502396057638,17.7693925931876,80.945583446236,17.7692744735111
"Haití","HTI",1996,1596.439,1943.594,1.20354353841389,17.861497823105,80.9349586384811,17.861497823105
"Haití","HTI",1997,1588.146,2047.969,0.839856462671066,22.4526347810929,76.7075087562361,22.452683609957
"Haití","HTI",1998,1626.133,2049.492,1.28402550485681,20.6567773867866,78.0591971083566,20.6567773867866
"Haití","HTI",1999,1619.22,2076.777,1.67711795729633,22.0320718112729,76.2908102314307,22.0320718112729
"Haití","HTI",2000,1541.745,2010.299,1.2106656770958,23.3076771166876,75.4816572062166,23.3076771166876
"Haití","HTI",2001,1542.748,2053.955,1.18493345764635,24.8889094454358,73.9261570969179,24.8889094454358
"Haití","HTI",2002,1732.741,2309.174,0.968311612723857,24.9627355929003,74.0689527943758,24.9627355929003
"Haití","HTI",2003,1673.351,2217.956,0.988748198792041,24.5543644689074,74.4568873323006,24.5543193823502
"Haití","HTI",2004,1653.722,2287.743,0.977382511934251,27.7138210017471,71.3087964863186,27.7138210017471
"Haití","HTI",2005,1920.51,2584.559,0.881775188726587,25.6929325273673,73.4252922839061,25.6929325273673
"Haití","HTI",2006,1968.475,2645.058,0.881114894266969,25.5791366389697,73.5397484667633,25.5791744453241
"Haití","HTI",2007,1824.017,2509.089,0.527840981328283,27.3036149773882,72.1685440412835,27.3036149773882
"Haití","HTI",2008,2155.142,2926.675,0.5318663671231,26.3621003357052,73.1060332971717,26.3620661672376
"Haití","HTI",2009,2003.949,2732.451,0.651502991270475,26.661118534239,72.6873784744905,26.6610819370594
"Haití","HTI",2010,1734.176,2409.002,0.631879923719449,28.0126791094403,71.3554409668402,28.0126791094403
"Haití","HTI",2011,2505.111,3210.927,0.321402510863685,21.981689399977,77.6969080891593,21.981689399977
"Honduras","HND",1971,1012.19,1389.14,1.4981931266827,27.1354939027024,71.3663129706149,27.1354939027024
"Honduras","HND",1972,1038.752,1420.573,1.84038412668691,26.8779569934104,71.2816588799027,26.8778865992807
"Honduras","HND",1973,1059.004,1475.252,2.09279499366888,28.2153828634023,69.6918221429288,28.215315078373
"Honduras","HND",1974,1089.944,1498.258,2.29599975438142,27.2525826660028,70.4514175796158,27.2525826660028
"Honduras","HND",1975,1112.081,1539.928,2.34556420819675,27.7835716994561,69.8708640923472,27.7835716994561
"Honduras","HND",1976,1135.656,1601.94,2.31918798456871,29.1074572081351,68.5733548072962,29.1290560195763
"Honduras","HND",1977,1170.264,1695.18,2.37933434797485,30.96520723463,66.6554584173952,31.010984084286
"Honduras","HND",1978,1210.503,1738.84,3.19994939154839,30.3844517034345,66.4155989050171,30.3843941938304
"Honduras","HND",1979,1245.929,1797.628,3.54500486196254,30.690387555156,65.7646075828814,30.6186263231325
"Honduras","HND",1980,1314.624,1870.502,3.59539845453253,29.7181184516242,66.6864830938433,29.6997276666905
"Honduras","HND",1981,1333.237,1859.721,3.79659099402545,28.3098378735305,67.8935711324441,28.342262092002
"Honduras","HND",1982,1367.792,2013.035,3.61424416366332,32.0532429888204,64.3325128475163,32.0105214266021
"Honduras","HND",1983,1389.141,1973.919,3.62051330373739,29.6252277829029,66.7542589133597,28.9891327860971
"Honduras","HND",1984,1404.659,2018.631,3.72351360897559,30.4152665841355,65.8612198068889,30.4280475232967
"Honduras","HND",1985,1467.898,2001.195,5.60814913089429,26.6489272659586,67.7429236031471,27.2248331621856
"Honduras","HND",1986,1477.855,2053.458,5.98054598633135,28.0309117595782,65.9885422540904,28.6508416534451
"Honduras","HND",1987,1561.383,2164.917,6.93985034992104,27.8779278836094,65.1822217664696,29.1212549949952
"Honduras","HND",1988,1598.97,2268.143,7.20413130918112,29.5031221576417,63.2927465331771,30.6481998709958
"Honduras","HND",1989,1631.149,2361.961,7.26023842053277,30.9409003789648,61.7988612005025,31.7746990742015
"Honduras","HND",1990,1694.034,2379.575,8.23651282266791,28.8093882310917,62.9540989462404,30.0164945420926
"Honduras","HND",1991,1701.815,2400.409,8.28325506194986,29.1031236760069,62.6136212620433,29.8698680099933
"Honduras","HND",1992,1694.934,2503.464,7.53004636775284,32.2964500388262,60.173503593421,32.2827490229538
"Honduras","HND",1993,1704.192,2558.682,7.5893760928478,33.395709197157,59.0149147099952,33.2242537368849
"Honduras","HND",1994,1669.848,2656.158,5.88300846561086,37.132956699112,56.9840348352771,36.9516798322991
"Honduras","HND",1995,1661.022,2823.988,5.09485167783999,41.181690573756,53.723457748404,41.2364712597929
"Honduras","HND",1996,1697.561,2835.377,6.18450385962784,40.1292667606459,53.6862293797262,40.3233855674219
"Honduras","HND",1997,1903.542,3097.219,5.78938718895887,38.5402840419099,55.6703287691313,38.1099302309588
"Honduras","HND",1998,1896.033,3325.357,4.97324046711376,42.9825729989291,52.0441865339571,42.8687807053498
"Honduras","HND",1999,1476.831,2923.651,6.28016134620719,49.486754746035,44.2330839077578,49.0896485250805
"Honduras","HND",2000,1522.207,2989.748,6.50088234861266,49.0857757911369,44.4133418602504,48.2918292779191
"Honduras","HND",2001,1494.385,3224.411,5.07826080484157,53.654016190864,41.2677230042944,52.8325018119588
"Honduras","HND",2002,1545.723,3379.76,4.09928515634246,54.2653028617417,41.6354119819159,53.2093107202878
"Honduras","HND",2003,1621.57,3646.807,4.10567381273536,55.5345265049672,40.3597996822974,54.7539532528044
"Honduras","HND",2004,1665.928,3852.945,3.12711445400856,56.7622169535252,40.1106685924663,55.9653719427607
"Honduras","HND",2005,1772.997,3996.791,3.69666565001773,55.6394867782679,40.6638475717144,55.5211668561103
"Honduras","HND",2006,1976.494,3993.017,4.4582830476304,50.5012375354275,45.0404794169421,50.4840074560163
"Honduras","HND",2007,2119.478,4691.687,4.05832699410681,54.8248210078805,41.1168519980127,54.8028459699038
"Honduras","HND",2008,2078.03,4647.532,4.23936833571022,55.2874514903824,41.45970377396,54.3231117074611
"Honduras","HND",2009,2194.857,4452.916,5.40189844138088,50.7096697983973,43.8884317602218,50.7984880020193
"Honduras","HND",2010,2219.779,4567.481,5.58460998524132,51.4003670732292,43.0150229415295,51.4003670732292
"Honduras","HND",2011,2311.173,4739.784,5.10761671839898,51.2388539224572,43.6535293591438,51.5872242279395
"Jamaica","JAM",1971,277.026,2010.436,0.538987562896805,86.2206009044804,13.2404115326228,86.2206009044804
"Jamaica","JAM",1972,280.203,2564.289,0.472879616923053,89.0728775110762,10.4542428720008,89.0728775110762
"Jamaica","JAM",1973,250.944,2916.574,0.291917846075567,91.395932350765,8.31214980315946,91.3959666375686
"Jamaica","JAM",1974,266.557,2730.549,0.384245073060399,90.2379704594204,9.37778446751917,90.2380070820923
"Jamaica","JAM",1975,253.6,2681.745,0.42009959932805,90.5434707625073,9.0364296381647,90.5434707625073
"Jamaica","JAM",1976,254.445,2431.953,0.388987780602668,89.5374211590438,10.0735910603536,89.5374211590438
"Jamaica","JAM",1977,233.918,2375.489,0.394613488001839,90.1528485292923,9.45253798270588,90.152890625888
"Jamaica","JAM",1978,253.036,2468.76,0.400605972228973,89.750482023364,9.84891200440707,89.7504415171989
"Jamaica","JAM",1979,222.04,2555.238,0.38704809493284,91.3103984834289,8.30255342163822,91.3103593481312
"Jamaica","JAM",1980,223.879,2278.453,0.4529389019655,90.1740786402002,9.37298245783433,90.1741225296286
"Jamaica","JAM",1981,224.285,2322.06,0.462951000404813,90.341119523182,9.19592947641319,90.341119523182
"Jamaica","JAM",1982,247.115,2288.79,0.507254925091424,89.2032471305799,10.2894979443287,89.2032908217879
"Jamaica","JAM",1983,235.127,2001.569,0.644494394147791,88.2528656269157,11.1026399789365,88.2529155877214
"Jamaica","JAM",1984,272.476,2006.199,0.643006999804107,86.4182964900291,12.9386965101667,86.4182964900291
"Jamaica","JAM",1985,252.249,1724.45,0.748064600307344,85.3722056307808,13.8797297689118,85.3722056307808
"Jamaica","JAM",1986,255.401,1752.232,0.736203881677769,85.4242474740788,13.8395486442435,85.4242474740788
"Jamaica","JAM",1987,256.069,1799.297,0.597455561811085,85.7683862086137,13.6341582295752,85.7684973631368
"Jamaica","JAM",1988,260.166,1834.492,0.473482577193032,85.8180902396958,13.7084271831112,85.8180902396958
"Jamaica","JAM",1989,309.637,2300.769,0.474710846677785,86.5420213850239,12.9832677682983,86.5420648487528
"Jamaica","JAM",1990,484.619,2784.623,0.271778262263868,82.5966028435447,17.1316188941914,82.5966387550487
"Jamaica","JAM",1991,485.259,2795.077,0.295376478000427,82.6387967129349,17.0658268090646,82.6387967129349
"Jamaica","JAM",1992,484.413,2942.139,0.254304776218935,83.5353462225952,16.2103490011859,83.535380211472
"Jamaica","JAM",1993,472.64,2950.918,0.209833007897881,83.9832892679498,15.8068777241523,83.9833231557095
"Jamaica","JAM",1994,485.421,3008.538,0.254409284509619,83.8652195850609,15.8803711304295,83.865186346325
"Jamaica","JAM",1995,483.42,3202.15,0.257826772637134,84.9032681167341,14.8389051106288,84.9032368877161
"Jamaica","JAM",1996,497.596,3374.729,0.25993198268661,85.2552308644635,14.4848371528499,85.2552012324545
"Jamaica","JAM",1997,510.295,3374.478,0.280339655496346,84.877809249312,14.8418510951916,84.877809249312
"Jamaica","JAM",1998,466.676,3507.055,0.279550791190899,86.6932226611787,13.0272265476304,86.6931941472261
"Jamaica","JAM",1999,481.272,3609.971,0.276345710256398,86.6682585538776,13.055395735866,86.6682585538776
"Jamaica","JAM",2000,588.861,3829.319,0.258270465322946,84.6223049059115,15.1194246287656,84.6223049059115
"Jamaica","JAM",2001,500.312,3841.212,0.134332601272723,86.9751526341165,12.8905147646108,86.9751526341165
"Jamaica","JAM",2002,393.268,3586.147,0.225422995766766,89.0336899184557,10.7408870857776,89.0336620333745
"Jamaica","JAM",2003,396.082,3728.236,0.2698863483964,89.3761553721385,10.3539582794651,89.3761821944748
"Jamaica","JAM",2004,412.212,3768.933,0.378780944102747,89.0628992343456,10.5583198215516,89.0628992343457
"Jamaica","JAM",2005,411.607,3717.465,0.467307694894236,88.9277504966422,10.6049418084636,88.9277773966937
"Jamaica","JAM",2006,411.211,4175.811,0.455145120313156,90.1525476129068,9.39230726678003,90.1525715603508
"Jamaica","JAM",2007,404.778,4200.468,0.434046872872261,90.363502352595,9.20245077453274,90.363502352595
"Jamaica","JAM",2008,493.707,4078.017,0.43653569860057,87.8934540979108,11.6700102034886,87.893478619633
"Jamaica","JAM",2009,533.997,3021.804,0.566350431728861,82.3285361989063,17.1051133693648,82.3285031060916
"Jamaica","JAM",2010,463.804,2830.271,0.622908548333357,83.6127353175721,15.7643561340946,83.6127706498777
"Jamaica","JAM",2011,548.761,3065.628,0.676076810363162,82.099556762921,17.2243664267158,82.0995893826648
"México","MEX",1971,43360.599,42982.507,2.87737055449092,-0.879641571395554,13.8923167045608,83.1960964957209
"México","MEX",1972,45057.972,47549.685,2.77661566001962,5.24023029805559,12.6248449385101,84.5560301819034
"México","MEX",1973,47284.263,52568.765,2.91173285124731,10.0525511679797,11.8091341883341,85.2272713654201
"México","MEX",1974,55231.886,55948.825,3.27979363284216,1.28141922551546,11.2949002950464,85.3708920607359
"México","MEX",1975,63028.593,59156.285,2.95262963183033,-6.54589448948661,10.6546768445652,86.3413769137125
"México","MEX",1976,67912.774,63303.567,3.12283982354422,-7.28111734999072,9.98010744007522,86.8590138056517
"México","MEX",1977,79151.251,68454.489,3.15456740901243,-15.6260928337366,9.3691021490205,87.4695463726272
"México","MEX",1978,95009.097,76541.884,2.49766650635357,-24.1269381349432,8.77644846055788,88.7198190731757
"México","MEX",1979,113597.71,83965.934,2.88526296867013,-35.2902356805797,8.20616489539674,88.9036570473926
"México","MEX",1980,147033.179,95115.346,2.35377685531418,-54.584076264623,7.22980285431543,90.3605449745197
"México","MEX",1981,171231.596,101554.443,2.89909521733087,-68.6106397137149,6.67253918176677,90.399742530221
"México","MEX",1982,195594.295,106285.528,2.89973344254356,-84.0272129993088,6.48674013267357,90.6127991385619
"México","MEX",1983,193193.33,100073.22,2.94420125584047,-93.05197734219,6.97504087507127,90.0873750240074
"México","MEX",1984,195152.318,104549.208,3.11170984671639,-86.6607330014399,6.86036186902535,90.034920207143
"México","MEX",1985,192838.004,108603.192,3.37661990634677,-77.5620038865893,6.61520335424395,90.0163321166472
"México","MEX",1986,182088.861,105671.228,4.39015433794334,-72.3164048022608,6.97298322302074,88.7480336653228
"México","MEX",1987,190860.922,111118.275,4.83738610953059,-71.763755331875,6.86956128503615,88.441959704648
"México","MEX",1988,190053.011,112488.216,5.13460449937263,-68.9537071154191,6.59205849615394,88.4132449927022
"México","MEX",1989,190505.624,117518.172,5.28308677231637,-62.1073751896005,6.28631714931713,88.5272687869924
"México","MEX",1990,194653.026,122492.736,5.88364766380922,-58.9098524176977,6.98179523069841,87.230671376301
"México","MEX",1991,202072.741,128045.702,5.99481972460114,-57.8129822740946,6.87144188564798,87.2278321376222
"México","MEX",1992,201695.443,129454.875,6.39759066624567,-55.8036674941751,6.87109388503137,86.8011374619921
"México","MEX",1993,203197.069,129961.858,6.63020453277915,-56.3513111670041,6.78918425435254,86.6537988399643
"México","MEX",1994,203681.155,134301.02,5.70904673694958,-51.6601698185167,6.30644130625367,88.0376619626567
"México","MEX",1995,201556.286,129922.722,7.28708254742385,-55.1355166342651,6.77566084245064,85.988885762415
"México","MEX",1996,212016.919,132986.235,7.30220763073712,-59.4277174626381,6.6231839708824,86.0682069839785
"México","MEX",1997,220111.967,137009.013,7.10100509956962,-60.6551001137421,6.60792804922987,86.1993604756499
"México","MEX",1998,224143.319,141466.225,6.66705780832138,-58.4429916045332,6.46669549569164,86.779133323166
"México","MEX",1999,220581.97,146992.598,7.00729570069916,-50.0633181542924,6.12156470627181,86.840482267005
"México","MEX",2000,222300.901,145384.004,6.95440813419886,-52.9060246545418,6.14875829118037,86.8451339392194
"México","MEX",2001,225601.524,146302.496,6.53813110611592,-54.2021019244948,5.9000223755581,87.5585547084583
"México","MEX",2002,224985.93,150842.754,6.22299762572619,-49.1526268474255,5.63990829814735,88.1255774473595
"México","MEX",2003,236152.699,153665.176,6.45305218665809,-53.6800367833503,5.56113637614289,88.0342778509556
"México","MEX",2004,246723.594,159324.149,6.46130110508232,-54.8563702041176,5.39840008811219,88.1920630876867
"México","MEX",2005,253431.637,170262.743,6.78731517910527,-48.8473828945655,5.21727410441167,88.0562237858461
"México","MEX",2006,250492.101,172307.054,6.55388258219539,-45.375418582689,5.03451007873421,88.4503376164739
"México","MEX",2007,244145.37,176710.575,6.54104034237906,-38.1611541923849,4.9168907972825,88.599203528142
"México","MEX",2008,233603.203,181876.115,6.67940042594378,-28.4408362252515,4.75781220640214,88.6148486292442
"México","MEX",2009,220281.824,175752.407,6.2825512256,-25.3364478814791,4.76964392299902,88.9919903059991
"México","MEX",2010,227842.442,178923.57,5.9470912636049,-27.3406527714599,4.67368385283169,89.424982968985
"México","MEX",2011,228206.818,186171.014,6.24485667784997,-22.5791346874224,4.44105063530459,89.3403298539267
"México","MEX",2012,225116.387,191924.496,5.45535625634781,-17.2942441906946,4.4002022545366,90.1037098463971
"Nicaragua","NIC",1971,720.628,1224.499,1.42572594995994,41.149155695513,57.425118354527,41.149155695513
"Nicaragua","NIC",1972,741.314,1252.151,2.52749069401374,40.7967569406565,56.6757523653297,40.7967569406565
"Nicaragua","NIC",1973,770.204,1356.845,2.35148451002141,43.2356680387222,54.4128474512564,43.2355943383364
"Nicaragua","NIC",1974,801.206,1425.266,2.461856242975,43.7855109151555,53.7526328418695,43.7855109151555
"Nicaragua","NIC",1975,846.688,1485.813,2.36732347879578,43.0151708189389,54.6175057022654,43.0151708189389
"Nicaragua","NIC",1976,886.416,1591.258,2.37799275793115,44.2946398384171,53.3273674036517,44.2567452920897
"Nicaragua","NIC",1977,885.479,1749.9,1.32693296759815,49.39830847477,49.2747585576319,49.3540202297274
"Nicaragua","NIC",1978,903.415,1694.425,1.64952712572111,46.6830930846747,51.6673797896041,46.6881685527539
"Nicaragua","NIC",1979,901.427,1430.91,2.65048116233725,37.0032357031539,60.3462831345088,37.0032357031539
"Nicaragua","NIC",1980,912.481,1539.225,2.87183485195472,40.7181536162679,56.4100115317774,40.7684386623138
"Nicaragua","NIC",1981,935.061,1584.41,2.68680455185211,40.9836469095752,56.3295485385727,40.9456516936904
"Nicaragua","NIC",1982,975.727,1620.758,2.25511766716561,39.798106811751,57.9467755210833,39.2621847308482
"Nicaragua","NIC",1983,1005.672,1689.023,4.69330494611382,40.4583596552563,54.8483353986299,38.7780983444275
"Nicaragua","NIC",1984,1220.944,1855.808,13.6890777494224,34.2095734041453,52.1013488464324,32.9815907680105
"Nicaragua","NIC",1985,1295.986,1936.156,14.5374649563362,33.0639679860507,52.3985670576131,32.2334563950426
"Nicaragua","NIC",1986,1202.697,1935.483,12.8502807826264,37.8606270372822,49.2890921800915,37.5540885660065
"Nicaragua","NIC",1987,1216.665,1954.903,12.0543576842432,37.7634082100237,50.1822341057331,37.411574896555
"Nicaragua","NIC",1988,1177.755,1848.767,10.6352504128427,36.2951091186721,53.0696404684852,35.941630286564
"Nicaragua","NIC",1989,1375.147,1981.554,18.8512652191159,30.6025977591325,50.5461370217516,30.5505174221848
"Nicaragua","NIC",1990,1424.879,2022.99,18.1164513912575,29.56569236625,52.3178562424925,29.2851670052744
"Nicaragua","NIC",1991,1527.117,2146.734,19.6910749072778,28.8632406250611,51.4456844676611,28.4946807569079
"Nicaragua","NIC",1992,1494.949,2212.579,19.1826822906662,32.4340961384882,48.3832215708456,32.3097163988269
"Nicaragua","NIC",1993,1467.389,2177.688,17.9349842585347,32.6171150320891,49.4479007093762,32.8066279467031
"Nicaragua","NIC",1994,1428.772,2200.954,15.5579353316789,35.0839681338183,49.3580965345028,35.1151818711341
"Nicaragua","NIC",1995,1420.639,2264.054,13.3169526875242,37.2524241912958,49.43062312118,37.2524241912958
"Nicaragua","NIC",1996,1436.41,2305.767,11.9351608380205,37.7035927741181,50.3612463878614,37.6887170299514
"Nicaragua","NIC",1997,1462.596,2413.362,8.89526726616231,39.3959132529641,51.7088194808736,38.8187101644925
"Nicaragua","NIC",1998,1364.169,2426.696,5.33552616396945,43.7849240283909,50.8795498076397,43.7601166359527
"Nicaragua","NIC",1999,1306.005,2461.212,4.93598275971351,46.9365093295498,48.1275079107367,46.7268971547351
"Nicaragua","NIC",2000,1354.098,2522.007,5.28376804663905,46.3087136554339,48.407518297927,45.923385621055
"Nicaragua","NIC",2001,1315.775,2543.606,7.62838269763478,48.2712731452906,44.1003441570746,48.2137956900558
"Nicaragua","NIC",2002,1407.158,2636.373,7.83618251286901,46.6252309517659,45.5385865353651,46.5958724353496
"Nicaragua","NIC",2003,1463.428,2758.151,9.37276458032936,46.941701161394,43.6855342582767,46.9697634393476
"Nicaragua","NIC",2004,1482.614,2821.27,8.74868410325846,47.4487021802238,43.8026137165177,47.4456539076373
"Nicaragua","NIC",2005,1463.948,2835.627,9.5291447006253,48.3730406008971,42.0978146984776,48.3214823388267
"Nicaragua","NIC",2006,1457.305,2824.149,10.4048334560252,48.3984379011164,41.1967286428584,48.2370441502909
"Nicaragua","NIC",2007,1448.346,2870.921,8.19311990821064,49.5511719061583,42.255708185631,49.3594564253074
"Nicaragua","NIC",2008,1544.657,2902.648,11.118847342151,46.7845567220001,42.0965959358489,46.7016324404475
"Nicaragua","NIC",2009,1514.32,2902.69,10.0019981465468,47.8304607105823,42.1675411428709,47.8304951613848
"Nicaragua","NIC",2010,1534.22,2951.011,10.741572972788,48.0103598393906,41.2480671878214,48.1065980438568
"Nicaragua","NIC",2011,1529.201,3038.209,9.57876828091814,49.6676825063713,40.7535492127105,49.7554315716924
"Panamá","PAN",1971,342.318,1655.942,0.431053744635984,79.3278991655505,20.2410470898135,79.2967990424786
"Panamá","PAN",1972,339.142,1864.589,0.382818948304425,81.8114340479323,17.8057470037633,81.7099639652492
"Panamá","PAN",1973,342.399,2034.585,0.43114443486018,83.1710643693923,16.3977911957475,83.090753151134
"Panamá","PAN",1974,366.432,2000.902,0.455594526868382,81.6866593166482,17.8577461564834,81.6136422473465
"Panamá","PAN",1975,379.977,1691.118,0.498368534898215,77.5310179419769,21.9706135231249,77.3784561455794
"Panamá","PAN",1976,404.909,1675.15,0.70847386801182,75.8284929707787,23.4630331612094,75.7822881532997
"Panamá","PAN",1977,441.829,1653.674,1.77338459696409,73.2819769797433,24.9446384232926,73.1935677769621
"Panamá","PAN",1978,486.922,1620.314,3.81617390209552,69.9489111369772,26.2349149609273,69.8959584376855
"Panamá","PAN",1979,499.017,1734.355,3.98176843841082,71.2275168578521,24.7907147037371,71.1978228217407
"Panamá","PAN",1980,527.311,1412.413,5.86967126470799,62.6659482743362,31.4643804609558,62.6536997323021
"Panamá","PAN",1981,568.444,1508.143,7.60697095699811,62.3083487441178,30.0846802988841,62.2627297278839
"Panamá","PAN",1982,568.101,1651.74,5.59192124668531,65.6059064986015,28.8021722547132,65.5903471490671
"Panamá","PAN",1983,539.396,1763.22,4.22386315944692,69.4084685972255,26.3676682433275,69.3012216286113
"Panamá","PAN",1984,593.9,1615.42,7.94294982109916,63.2355672209085,28.8214829579924,62.9108219534239
"Panamá","PAN",1985,604.044,1559.836,10.6353488443657,61.2751596962758,28.0894914593585,61.1097576924754
"Panamá","PAN",1986,605.105,1585.222,11.3710256355261,61.8283748269958,26.800599537478,61.7415731045872
"Panamá","PAN",1987,599.625,1694.319,10.3139963607798,64.6096750375815,25.0763286016388,64.0055975291548
"Panamá","PAN",1988,609.999,1578.077,11.9838258842883,61.3454223082904,26.6707518074213,61.2418151965969
"Panamá","PAN",1989,612.439,1486.087,12.6214683258786,58.7884827738887,28.5900489002326,58.3718180698707
"Panamá","PAN",1990,612.278,1490.878,12.7654979146516,58.9317167467761,28.3027853385723,58.4125595789863
"Panamá","PAN",1991,602.596,1616.184,10.8339149502779,62.7148888987887,26.4511961509333,61.9911470476134
"Panamá","PAN",1992,623.582,1842.349,8.82710061991512,66.1528841712401,25.0200152088448,65.4853125005089
"Panamá","PAN",1993,662.552,1868.92,10.5606446503863,64.5489373541939,24.8904179954198,64.1533077927359
"Panamá","PAN",1994,650.916,1968.06,10.4481570683821,66.9260083534039,22.6258345782141,66.5633161590602
"Panamá","PAN",1995,604.213,1996.887,10.4136087820693,69.7422538180678,19.8441373998629,69.1263451562357
"Panamá","PAN",1996,701.304,2134.474,12.0993743657688,67.1439427231252,20.756682911106,67.0593785635243
"Panamá","PAN",1997,704.023,2218.696,11.2524654121159,68.2686136361178,20.4789209517663,67.2956547449493
"Panamá","PAN",1998,643.133,2572.994,7.15275667179947,75.0044889339035,17.8427543942971,74.4997850752858
"Panamá","PAN",1999,730.255,2536.145,10.5967915872318,71.2061021747574,18.1971062380108,71.4129515465401
"Panamá","PAN",2000,755.453,2568.997,11.4421309172412,70.5934650760589,17.9644040066999,70.2017947082071
"Panamá","PAN",2001,721.815,2815.785,7.6324719394414,74.3654078702742,18.0021201902844,74.5944736547712
"Panamá","PAN",2002,781.954,2624.813,11.1431176239984,70.2091539473479,18.6477284286538,70.2550238817013
"Panamá","PAN",2003,733.488,2649.329,9.1637542940118,72.3141972929749,18.5220484130133,72.8887201249826
"Panamá","PAN",2004,798.797,2613.084,12.4371815066029,69.4308717209244,18.1319467724727,69.8553892641798
"Panamá","PAN",2005,771.954,2883.757,11.1057901203187,73.2309622482061,15.6632476314752,73.3830555071041
"Panamá","PAN",2006,797.062,3093.093,9.95379059084224,74.2309073797652,15.8153020293926,74.3671140828937
"Panamá","PAN",2007,741.606,3024.153,10.425266181969,75.4772327987374,14.0975010192937,75.8071433555114
"Panamá","PAN",2008,888.53,3052.926,11.1918205682024,70.8957898095139,17.9123896222837,70.6901510223307
"Panamá","PAN",2009,842.764,3366.816,9.95938001957933,74.9685162479922,15.0721037324285,75.04773055611
"Panamá","PAN",2010,842.893,3709.554,9.7231095705845,77.2777805633777,12.9991098660378,77.2036207048071
"Panamá","PAN",2011,817.921,4058.247,8.68424223562538,79.8454603674936,11.470297396881,79.7098845880993
"Paraguay","PRY",1971,1168.487,1368.454,1.0306521081454,14.6126212499653,84.3567266418893,14.6126212499653
"Paraguay","PRY",1972,1186.656,1403.768,1.17626274427113,15.4663733608403,83.3573638948886,15.4663733608403
"Paraguay","PRY",1973,1272.914,1519.315,1.70945458973287,16.2179008303084,82.0726445799587,16.6537551462337
"Paraguay","PRY",1974,1299.64,1506.853,2.52260837653042,13.7513745534568,83.7260170700128,14.6646023201998
"Paraguay","PRY",1975,1249.576,1473.95,3.06903219240815,15.222633060823,81.7083347467689,16.4013026222056
"Paraguay","PRY",1976,1313.202,1567.255,2.90826955409298,16.2100615407193,80.8816689051877,17.1100427180006
"Paraguay","PRY",1977,1325.786,1704.052,1.77647161002129,22.1980315154702,76.0254968745085,22.3443885515231
"Paraguay","PRY",1978,1416.111,1901.709,1.12151754027562,25.5348215736477,73.3436608860767,25.2453976922863
"Paraguay","PRY",1979,1467.283,1929.29,1.97917368565638,23.9469960451772,74.0738302691664,23.7464041175769
"Paraguay","PRY",1980,1605.292,2084.611,2.71868468505635,22.9932107237274,74.2881045912163,22.8033911362839
"Paraguay","PRY",1981,1623.686,2080.573,2.86449934705487,21.9596716865979,75.1758289663473,21.3148012590762
"Paraguay","PRY",1982,1651.343,2123.222,2.61658931567212,22.2246660970921,75.1587445872358,20.9447245742555
"Paraguay","PRY",1983,1737.306,2170.98,3.10965554726437,19.9759555592405,76.9143888934951,18.997549493777
"Paraguay","PRY",1984,1736.025,2211.606,3.98579132087723,21.5038754642554,74.5103332148674,21.2938923117409
"Paraguay","PRY",1985,2011.619,2257.67,15.3474156984856,10.898448400342,73.8391793309031,21.5630716623776
"Paraguay","PRY",1986,2752.279,2352.228,43.2956329063339,-17.0073224194253,73.5211892724685,21.4370800789719
"Paraguay","PRY",1987,3629.295,2715.653,58.6622812266516,-33.6435472425969,74.320651423433,20.2609096228421
"Paraguay","PRY",1988,3836.232,2903.604,59.0412466713781,-32.1196692110908,72.6964834047618,21.4628096668829
"Paraguay","PRY",1989,4307.176,3162.569,66.0982258410805,-36.1923170688134,70.0131443772452,19.70243178884
"Paraguay","PRY",1990,4577.278,3072.102,76.0285303027048,-48.9949877966292,72.5397138506469,21.3380935919445
"Paraguay","PRY",1991,4876.024,3172.193,79.4990720930284,-53.7114545048173,73.737001500224,20.144171555766
"Paraguay","PRY",1992,4519.588,3157.439,73.8565653999967,-43.1409442906102,69.3312523218976,23.862187044627
"Paraguay","PRY",1993,4821.305,3280.285,82.3063849635017,-46.9782351228628,64.8175692051148,26.5700998541285
"Paraguay","PRY",1994,5381.25,3585.267,87.2984912978587,-50.0934240044047,62.4292695634663,28.4748667254071
"Paraguay","PRY",1995,6025.8,3925.598,92.2130080563522,-53.5001800999491,61.1365962587101,29.5242661118128
"Paraguay","PRY",1996,6389.029,4016.07,95.8938962717283,-59.0865946061697,63.0651856167846,28.5576944624969
"Paraguay","PRY",1997,7011.128,4367.987,100.052083488344,-60.5116498744158,60.4595663860721,29.1369685853003
"Paraguay","PRY",1998,6864.476,4310.936,101.414078056366,-59.2340039378919,57.8199258815255,30.9686109930651
"Paraguay","PRY",1999,6741.368,4113.201,108.55375168877,-63.8959049168762,55.279890284963,32.419811237039
"Paraguay","PRY",2000,6837.93,3850.262,119.480492496355,-77.5964856417563,58.1159931454015,28.1830691002327
"Paraguay","PRY",2001,6157.046,3918.669,99.4537175760443,-57.1208489413115,57.6671313652671,28.7701512937173
"Paraguay","PRY",2002,6293.039,3885.031,106.723266815632,-61.9816933249696,55.258426509338,30.4969509895803
"Paraguay","PRY",2003,6622.85,3964.71,112.298402657445,-67.0450045526659,54.7466018952206,30.9566651785376
"Paraguay","PRY",2004,6628.185,4002.442,111.583528256,-65.6035240485684,54.0199957925686,31.0982145400233
"Paraguay","PRY",2005,6577.375,3954.072,111.284670587688,-66.3443407201487,54.9362530576075,29.0255210324951
"Paraguay","PRY",2006,6965.141,4075.662,113.488900698831,-70.8959427940786,52.817848977663,30.1390301747299
"Paraguay","PRY",2007,7136.292,4224.895,109.360114275029,-68.9105173027969,52.2325643595876,30.28207801614
"Paraguay","PRY",2008,7369.709,4347.922,109.705371899496,-69.4995678395335,53.028665187646,28.8453426717407
"Paraguay","PRY",2009,7135.348,4475.748,105.601879283642,-59.422469719028,50.3089986299497,30.8068506091049
"Paraguay","PRY",2010,7100.92,4788.545,97.0981790919789,-48.2897205727418,48.0966974310568,32.7099985486197
"Paraguay","PRY",2011,7335.178,4857.559,102.021406224814,-51.0054329756983,45.8235504705141,33.807618188477
"Perú","PER",1971,7354.244,9128.113,4.0380306422587,19.4330306822451,37.7627884317383,58.1991918811697
"Perú","PER",1972,7523.598,9130.335,4.17739327198838,17.5977880329692,38.0491515371561,57.7734661433562
"Perú","PER",1973,7872.736,9511.16,4.31213437687937,17.2263320141812,36.8829459287826,58.8049091803734
"Perú","PER",1974,8296.41,10061.89,4.4581683957984,17.5462065277994,35.3205709861666,60.221260618035
"Perú","PER",1975,8049.282,10355.063,4.54040694875541,22.2671846612618,33.3847510150349,62.074832379098
"Perú","PER",1976,8358.924,10516.652,4.7372300614302,20.5172520684339,32.9953201836478,62.2674402461924
"Perú","PER",1977,9231.616,10897.756,4.7546485716876,15.2888356098265,32.189856333726,63.0554859183854
"Perú","PER",1978,12292.163,10577.677,5.03430006418233,-16.2085304741296,33.2018457360723,61.7638352920022
"Perú","PER",1979,14194.766,10540.884,5.46878231465217,-34.6639048489671,33.0898338317735,61.4413838535743
"Perú","PER",1980,14470.272,11257.754,5.35506460702552,-28.5360472435265,30.5063159134584,64.1386105967496
"Perú","PER",1981,14568.613,11327.547,6.07065236630667,-28.6122494128693,30.5892529070945,63.3401035546354
"Perú","PER",1982,14946.404,11531.882,6.26138907768914,-29.6094080740681,31.190927898846,62.5476916950763
"Perú","PER",1983,13582.275,10603.699,6.57508290267387,-28.0899712449401,34.260572654882,59.1643350117728
"Perú","PER",1984,14622.391,10863.65,6.88956290013025,-34.5992461097329,33.7992939757816,59.3111523290975
"Perú","PER",1985,14662.595,10580.084,7.62613983026978,-38.5867541316307,33.2881856136492,59.085674556081
"Perú","PER",1986,13937.056,10775.746,8.02877127950121,-29.3372727976328,30.4153605699318,61.555868150567
"Perú","PER",1987,12902.875,11063.851,8.4555368650572,-16.6219158229806,27.8126757130044,63.7317783834941
"Perú","PER",1988,11560.047,10881.513,8.23762283792704,-6.23565858902158,26.545692680788,65.2166844812849
"Perú","PER",1989,10786.963,10043.058,8.99727951386918,-7.40715626654749,27.4500754650625,63.5526450210683
"Perú","PER",1990,10596.234,9734.265,9.24912153100414,-8.85499829725204,27.4708157215773,63.2800627474185
"Perú","PER",1991,9829.305,9548.813,10.3501032013089,-2.93745411078843,26.9977535427702,62.6521432559209
"Perú","PER",1992,9596.927,9286.567,8.97268064721872,-3.3420315602095,26.8223445757727,64.2049747770086
"Perú","PER",1993,10069.648,9913.782,10.235387463634,-1.57221532609856,24.1900517885102,65.5745506608881
"Perú","PER",1994,10107.16,10269.724,10.6745030343561,1.58294419596866,22.9651741371044,66.3603423032596
"Perú","PER",1995,10020.478,10971.189,10.0500137223048,8.66552385525399,21.3275151854553,68.6224710922399
"Perú","PER",1996,9958.992,11299.722,10.1398777775241,11.8651591605528,20.3557662746039,69.5043470980968
"Perú","PER",1997,9743.906,10937.913,10.380938301484,10.9162232319822,21.0018126858387,68.6172490126773
"Perú","PER",1998,9786.493,11505.188,10.763135726248,14.9384347304885,19.4704423778212,69.7656657153277
"Perú","PER",1999,9527.447,12257.085,10.6229825443815,22.2698790128322,18.1796161159036,71.197401339715
"Perú","PER",2000,9360.733,12221.668,11.8107937476292,23.4087114786623,18.2799680043673,69.9092382480035
"Perú","PER",2001,9413.511,11795.062,13.2929186807157,20.1910850489807,19.1581612712167,67.5489115699434
"Perú","PER",2002,9290.513,11873.319,13.5264958349051,21.753024575521,19.0686951138094,67.4048006290406
"Perú","PER",2003,9505.99,11637.853,14.1722016939035,18.3183530501717,19.2804978719013,66.547291841545
"Perú","PER",2004,9607.212,12874.755,12.1429728177352,25.3794577061855,18.1075989407177,69.7494282415471
"Perú","PER",2005,10914.385,13645.788,11.8010993575453,20.0164548943601,16.6378592427202,71.5610487280031
"Perú","PER",2006,11649.429,13247.519,13.2126777851762,12.0633154026803,17.8405254598993,68.9467967549244
"Perú","PER",2007,12475.664,14334.054,11.7785589478036,12.9648597668182,17.8684481026791,70.3529999259107
"Perú","PER",2008,12648.464,15044.394,10.9943012659732,15.9257328676715,12.4819118669718,76.5237868670549
"Perú","PER",2009,15103.466,17199.538,9.84869477308053,12.1867924591928,14.6129797207344,75.5698205382028
"Perú","PER",2010,19362.133,19206.624,8.9925694385437,-0.809663374469151,16.3473601607445,74.7102249723845
"Perú","PER",2011,23373.438,20582.203,9.04492099315122,-13.5614005944845,14.9696366321914,75.9829402129597
"República Dominicana","DOM",1971,1211.989,2340.571,1.96943395436413,48.2182339266786,49.8123321189573,48.2182766512958
"República Dominicana","DOM",1972,1245.876,2729.217,1.81502606791618,54.3504235830277,43.8345503490562,54.350386942482
"República Dominicana","DOM",1973,1207.557,2866.75,1.58995378041336,57.877143106305,40.5329031132816,57.877143106305
"República Dominicana","DOM",1974,1244.814,3016.427,1.43122972974317,58.7321688872298,39.836601383027,58.7321688872298
"República Dominicana","DOM",1975,1256.345,3080.805,1.19196119196119,59.2202362694166,39.5878025386222,59.2202362694166
"República Dominicana","DOM",1976,1333.307,3183.871,2.10957039402664,58.1230835043254,39.767346101648,58.1230835043254
"República Dominicana","DOM",1977,1308.223,3257.683,1.20380036977201,59.841918320475,38.954281309753,59.8419490171389
"República Dominicana","DOM",1978,1356.011,3340.67,1.91530441498262,59.4090107673012,38.6756848177162,59.4090407014162
"República Dominicana","DOM",1979,1398.315,3471.298,2.051336416522,59.717805846689,38.2308577367889,59.717805846689
"República Dominicana","DOM",1980,1326.858,3434.658,1.39716967453528,61.3685554718985,37.2342748535662,61.3685554718985
"República Dominicana","DOM",1981,1555.592,3553.489,3.30835412745051,56.2235312955802,40.4681145769693,56.2235312955802
"República Dominicana","DOM",1982,1731.441,3628.65,1.98608297851818,52.2841552643545,45.7297617571273,52.2841277058961
"República Dominicana","DOM",1983,1668.382,3933.495,2.0551697663274,57.585251792617,40.3595784410556,57.5852263699331
"República Dominicana","DOM",1984,1772.048,4134.65,2.39821992187972,57.1415234663152,40.4602566118051,57.1415476521592
"República Dominicana","DOM",1985,1164.029,3455.059,2.84753458624006,66.309432053114,30.8430333606459,66.3094609961798
"República Dominicana","DOM",1986,1164.71,3581.748,3.32787231262501,67.4820785828595,29.1900491045154,67.4820785828595
"República Dominicana","DOM",1987,1163.889,4046.484,3.26233836585045,71.2370294804082,25.5006321537414,71.2370294804082
"República Dominicana","DOM",1988,994.082,3876.396,3.6606167171775,74.3555096022181,21.9838736806044,74.3555096022181
"República Dominicana","DOM",1989,871.31,3823.833,1.06605074018661,77.2137015397901,21.7202477200233,77.2136753880203
"República Dominicana","DOM",1990,1008.903,4078.494,0.735908891860574,75.2628543771304,24.001236731009,75.2628543771304
"República Dominicana","DOM",1991,1028.533,4111.386,1.06051827777786,74.9833024678296,23.9561792543926,74.9833024678296
"República Dominicana","DOM",1992,1017.897,4553.478,1.00665908564838,77.6457248722844,21.3476160420672,77.6457248722844
"República Dominicana","DOM",1993,892.107,4417.014,2.19818184864254,79.8029392707381,17.9988788806194,79.8029392707381
"República Dominicana","DOM",1994,890.402,5065.458,0.904913237855294,82.4220830574452,16.6730037046996,82.4220830574452
"República Dominicana","DOM",1995,863.028,5319.012,0.976572340878344,83.7746558947413,15.2487717643803,83.7746558947414
"República Dominicana","DOM",1996,866.222,5552.73,1.336603796691,84.4000698755387,14.2633263277703,84.4000698755387
"República Dominicana","DOM",1997,863.976,6191.927,0.923622000065569,86.0467347241012,13.0296432758332,86.0467347241012
"República Dominicana","DOM",1998,770.889,6642.144,0.949061026078326,88.3939733917241,10.6569655821976,88.3939583363444
"República Dominicana","DOM",1999,874.721,6832.683,1.38326335350257,87.1979865010568,11.4187501454407,87.1979718655175
"República Dominicana","DOM",2000,863.196,7499.172,0.873856473754703,88.4894492351956,10.6366942910497,88.4894359003901
"República Dominicana","DOM",2001,866.761,7290.859,0.820973221399563,88.1116751812098,11.0673515973906,88.1116888970147
"República Dominicana","DOM",2002,883.841,7475.618,1.00200411524505,88.1770176057685,10.8209782789864,88.1770176057685
"República Dominicana","DOM",2003,934.052,7479.265,1.37176580853867,87.5114466461611,11.1167875453002,87.5114332758634
"República Dominicana","DOM",2004,844.544,6528.082,2.10781666039121,87.0629076044082,10.8292757352006,87.0629076044082
"República Dominicana","DOM",2005,823.558,6840.493,2.39877447429593,87.9605461185327,9.64067940717138,87.9605461185327
"República Dominicana","DOM",2006,807.678,7067.699,2.12940590707103,88.5722637593933,9.29833033353571,88.5722779082697
"República Dominicana","DOM",2007,809.457,7058.38,2.07251522303985,88.5319719255693,9.39551285139083,88.5319577580125
"República Dominicana","DOM",2008,783.151,7103.897,1.67547474294743,88.9757551383417,9.3487701187109,88.9757551383417
"República Dominicana","DOM",2009,786.544,6940.825,1.81396303753516,88.6678600886782,9.51817687378662,88.6678889036966
"República Dominicana","DOM",2010,789.137,7178.242,1.71922317469932,89.0065422703776,9.27423455492306,89.0065422703776
"República Dominicana","DOM",2011,786.336,7381.895,1.78363414814218,89.3477758759776,8.86858997588017,89.3477894226347
"San Vicente y las Granadinas","VCT",1990,NA,29.433902,NA,NA,NA,0
"San Vicente y las Granadinas","VCT",2004,NA,66,NA,NA,NA,0
"San Vicente y las Granadinas","VCT",2005,NA,67,NA,NA,NA,0
"San Vicente y las Granadinas","VCT",2006,NA,70,NA,NA,NA,0
"San Vicente y las Granadinas","VCT",2007,NA,70,NA,NA,NA,0
"Santa Lucía","LCA",1990,NA,55.9197,NA,NA,NA,0
"Santa Lucía","LCA",2004,NA,120,NA,NA,NA,0
"Santa Lucía","LCA",2005,NA,123,NA,NA,NA,0
"Santa Lucía","LCA",2006,NA,119,NA,NA,NA,0
"Santa Lucía","LCA",2007,NA,128,NA,NA,NA,0
"Suriname","SUR",1990,NA,556.005378,NA,NA,NA,0
"Suriname","SUR",2004,NA,664,NA,NA,NA,0
"Suriname","SUR",2005,NA,696,NA,NA,NA,0
"Suriname","SUR",2006,NA,714,NA,NA,NA,0
"Suriname","SUR",2007,NA,714,NA,NA,NA,0
"Venezuela","VEN",1971,209949.32,19564.129,2.36933624798732,-973.133999474242,2.22149424592324,95.409164394694
"Venezuela","VEN",1972,192054.283,19009.573,2.72346990645187,-910.302982607763,2.39659775629889,94.8799428582641
"Venezuela","VEN",1973,203267.902,21207.27,2.52437018060316,-858.482171444038,1.99014300284761,95.4854821011851
"Venezuela","VEN",1974,181522.739,24681.061,2.68546801938539,-635.47380722409,1.90799739119805,95.4065305377269
"Venezuela","VEN",1975,144696.949,24999.208,3.07236133240701,-478.80613257828,1.79879298576179,95.1288536820847
"Venezuela","VEN",1976,142872.138,25926.216,3.50883445544078,-451.07208086209,1.81682124379431,94.6743481578647
"Venezuela","VEN",1977,141110.35,27819.524,3.76001401030442,-407.234954846819,1.50930691696954,94.730679072726
"Venezuela","VEN",1978,136790.521,29818.777,3.52781738835231,-358.739541866523,1.34404573333105,95.1281402319082
"Venezuela","VEN",1979,149960.406,31452.015,3.89367740031919,-376.791092716953,1.18291308203942,94.9234126970879
"Venezuela","VEN",1980,140105.385,35427.364,3.54099729237546,-295.472225932474,1.08354378270988,95.3754532795609
"Venezuela","VEN",1981,136469.751,37642.676,3.44706630315018,-262.539982545343,0.943840974536454,95.6090953788726
"Venezuela","VEN",1982,125671.106,37702.767,3.607172916513,-233.320644609453,1.08015944824421,95.3126676352428
"Venezuela","VEN",1983,120315.427,40479.191,3.83757175384261,-197.227844795614,1.01031910445048,95.1521066713018
"Venezuela","VEN",1984,122959.928,39862.768,4.36722808611785,-208.458077973913,1.05745290944171,94.5753190044404
"Venezuela","VEN",1985,115357.177,39479.841,4.93347478273785,-192.192607867899,1.24088139058108,93.8256438266811
"Venezuela","VEN",1986,123022.466,41214.008,5.24985097299928,-198.496729558552,1.33780970780614,93.4123393191946
"Venezuela","VEN",1987,125018.864,41119.071,6.45077317043471,-204.041071355917,1.42220382362238,92.1270205739813
"Venezuela","VEN",1988,130122.084,39884.462,7.37494716614204,-226.247559764,1.31241584755487,91.3126394935451
"Venezuela","VEN",1989,131510.971,40619.939,7.33943987458967,-223.759646709465,1.37413057168796,91.2864295537224
"Venezuela","VEN",1990,148790.976,43554.561,7.30242235709826,-241.61973530166,1.2596132010147,91.4379644418871
"Venezuela","VEN",1991,164559.202,45439.214,8.43018983559003,-262.152395505785,1.25445831875525,90.3153496449124
"Venezuela","VEN",1992,165884.922,50527.084,8.04579579537976,-228.308916461516,1.14420812410231,90.8099960805179
"Venezuela","VEN",1993,174878.371,47316.857,8.62928828937222,-269.589998338224,1.15986148445997,90.2108502261678
"Venezuela","VEN",1994,182340.916,54406.016,8.1065005752305,-235.148443877971,1.03787419391267,90.8556289069209
"Venezuela","VEN",1995,197229.817,51623.667,8.57106876967884,-282.0530939811,1.136323771808,90.2926113327052
"Venezuela","VEN",1996,222509.805,55322.423,8.37064204508902,-302.205458354563,1.07455344101613,90.5544954168041
"Venezuela","VEN",1997,234639.265,55193.663,8.9232127970923,-325.119936323125,1.09172678030085,89.9850567990025
"Venezuela","VEN",1998,232300.113,57957.323,8.59490698008947,-300.812358086311,1.05404799321045,90.3405096884823
"Venezuela","VEN",1999,211302.97,54845.989,9.50224454882198,-285.266040147439,1.12951742013441,89.3732538946467
"Venezuela","VEN",2000,221059.799,56423.601,9.58498908993774,-291.786052435753,1.11363682725603,89.3082329148046
"Venezuela","VEN",2001,216985.097,57871.347,8.98186454861678,-274.943920002415,1.09898254139479,89.9234590133179
"Venezuela","VEN",2002,203411.142,57514.559,8.90196167547768,-253.668958845707,1.11941917176136,89.9584329595572
"Venezuela","VEN",2003,178948.042,52881.333,9.84421478180212,-238.395482579836,1.23266938070566,88.990606571888
"Venezuela","VEN",2004,218281.166,56440.943,10.677443854898,-286.74259216399,1.16956763107236,88.0946283976864
"Venezuela","VEN",2005,233378.715,66558.174,9.97878036738207,-250.638698411408,1.00448669159704,89.0921917419189
"Venezuela","VEN",2006,228916.864,63704.896,11.0157938253286,-259.339514501366,1.06552092950595,87.9927972882963
"Venezuela","VEN",2007,203697.606,62934.043,11.3500955277893,-223.668393591049,1.09530544541688,87.6283921565312
"Venezuela","VEN",2008,204931.724,69597.341,10.7307634066077,-194.453381487663,1.00601831900446,88.3209259388229
"Venezuela","VEN",2009,199834.762,69596.642,10.622253872536,-187.132764250321,0.981392176938652,88.4424438179072
"Venezuela","VEN",2010,198568.41,75502.104,8.74555760724231,-162.997187469107,0.882997909568189,90.3714471321223
"Venezuela","VEN",2011,200758.581,70197.564,10.2505266422066,-185.990808740885,0.927542158015626,88.852437956394
